cell,friction_base,leakage_penalty,overkill,DQN,LinUCB (h64_e32),Static Multi-Threshold,Static Single-Threshold,"Thompson Sampling (h128_64_e64, mog3)",preferred
0.0,1.5,-50.0,2.0,216.87898379794035,49.9647194247159,95.53923786399147,190.68915646306817,114.37768014766809,DQN
1.0,1.5,-50.0,2.5,215.34749440400094,48.475958061079545,94.31052953065814,189.0160647964015,112.84779984463779,DQN
2.0,1.5,-150.0,2.0,193.91792319187974,41.26123457623106,-11.302428802675188,170.75309585700757,51.92904378403173,DQN
3.0,1.5,-150.0,2.5,192.38643379794033,39.7724732125947,-12.531137136008521,169.0800041903409,50.39916348100142,DQN
4.0,1.5,-300.0,2.0,159.47633228278883,28.20600730350379,-171.5649288026752,140.84900494791668,-41.743910761422825,DQN
5.0,1.5,-300.0,2.5,157.94484288884942,26.717245939867425,-172.7936371360085,139.17591328125,-43.27379106445313,DQN
6.0,2.0,-50.0,2.0,170.48744393939393,-303.96482424242424,44.07050454545454,68.70840151515152,28.39742424242424,DQN
7.0,2.0,-50.0,2.5,168.95595454545455,-305.4535856060606,42.84179621212121,67.03530984848484,26.86754393939394,DQN
8.0,2.0,-150.0,2.0,147.5263833333333,-312.6683090909091,-62.77116212121213,48.77234090909091,-34.05121212121212,DQN
9.0,2.0,-150.0,2.5,145.99489393939393,-314.1570704545455,-63.99987045454545,47.099249242424236,-35.58109242424243,DQN
10.0,2.0,-300.0,2.0,113.08479242424242,-325.72353636363636,-223.0336621212121,18.86825,-127.72416666666666,DQN
11.0,2.0,-300.0,2.5,111.55330303030303,-327.2122977272727,-224.26237045454545,17.195158333333335,-129.254046969697,DQN
12.0,2.5,-50.0,2.0,-231.0682108161695,-3366.2638406723486,-259.61937723425666,-1005.8577477035984,-575.2669008359967,DQN
13.0,2.5,-50.0,2.5,-232.5997002101089,-3367.7526020359846,-260.84808556759,-1007.5308393702652,-576.796781139027,DQN
14.0,2.5,-150.0,2.0,-254.02927142223012,-3374.967325520833,-366.4610439009233,-1025.793808309659,-637.715537199633,DQN
15.0,2.5,-150.0,2.5,-255.5607608161695,-3376.4560868844696,-367.6897522342566,-1027.4668999763257,-639.2454175026634,DQN
16.0,2.5,-300.0,2.0,-288.47086233132103,-3388.0225527935604,-526.7235439009233,-1055.6978992187499,-731.3884917450877,DQN
17.0,2.5,-300.0,2.5,-290.00235172526044,-3389.511314157197,-527.9522522342567,-1057.3709908854166,-732.9183720481179,DQN
