setting,policy,DI,human_survival,bot_survival,friction_s,DI_seed_sd,pareto
(static),Static Multi-Threshold,77.979,0.8844,0.10461000000000001,9.634950000000009,,False
(static),Static Single-Threshold,77.45,0.7745000000000001,0.0,6.765,,False
cheap leak,DQN,98.894,0.9889399999999999,0.0,5.539508000000006,0.9565197331994807,False
costly leak,DQN,99.454,0.99454,0.0,5.266148000000029,0.752847926210864,False
gentle friction,DQN,99.096,0.9909600000000001,0.0,5.487060000000004,0.8668506215029214,False
harsh friction,DQN,87.86760000000001,0.9931599999999999,0.11448399999999999,1.9060379999999986,23.995681294766353,False
linear friction,DQN,98.956,0.98956,0.0,1.6811599999999989,0.6657927605494033,True
overkill 2.0,DQN,80.12339999999999,0.994,0.192766,0.61007,42.7716657122446,True
published,DQN,98.776,0.98776,0.0,7.04127,0.30778239065937196,False
under 10.0,DQN,98.702,0.98702,0.0,5.523010000000015,0.9003443785574474,False
under 2.5,DQN,91.424,0.9890599999999999,0.07482000000000001,4.577277999999988,16.96169449082255,False
