alpha,policy,DI,false_positive_rate,abandonment_rate,friction_s,human_survival,bot_survival
0.5,DQN,86.9134,0.0020800000000000003,0.12875999999999999,6.436007999999999,0.8691599999999999,2.6000000000000002e-05
0.5,DQN without H-Score,27.807,0.05422,0.45704,26.56518599999985,0.4898,0.21173
0.5,LinUCB (h64_e32),24.0616,0.1404,0.60712,41.9221319999999,0.25436000000000003,0.013744
0.5,Static Multi-Threshold,81.67699999999999,0.0225,0.1598,9.429330000000002,0.8177,0.0009299999999999999
0.5,Static Single-Threshold,82.589,0.0572,0.11689999999999999,11.58,0.8259000000000001,1e-05
0.5,"Thompson Sampling (h128_64_e64, mog3)",90.3208,0.01142,0.03006,2.5038379999999996,0.9585199999999999,0.055312
1.0,DQN,86.472,0.00228,0.133,6.549587999999999,0.86472,0.0
1.0,DQN without H-Score,13.2642,0.045700000000000005,0.45095999999999997,25.34581799999983,0.50382,0.371178
1.0,LinUCB (h64_e32),24.2316,0.1362,0.59884,41.32481199999989,0.26694,0.024624
1.0,Static Multi-Threshold,81.069,0.0196,0.16649999999999998,9.456190000000003,0.8139,0.00321
1.0,Static Single-Threshold,82.64,0.058100000000000006,0.1155,11.493,0.8264,0.0
1.0,"Thompson Sampling (h128_64_e64, mog3)",91.1018,0.0115,0.03106,2.564648,0.95744,0.046422
1.5,DQN,86.37180000000001,0.0022400000000000002,0.13404,6.612495999999999,0.86372,2e-06
1.5,DQN (grounded-trained),88.594,0.00784,0.10622,5.810980000000001,0.8859400000000001,0.0
1.5,DQN without H-Score,7.4768,0.04506,0.44328,24.855989999999835,0.5122000000000001,0.43743200000000004
1.5,LinUCB (h64_e32),24.290599999999998,0.13706000000000002,0.5932799999999999,40.84414599999988,0.2721,0.029193999999999998
1.5,Static Multi-Threshold,80.58800000000001,0.0232,0.1635,9.399720000000002,0.8133,0.0074199999999999995
1.5,Static Single-Threshold,82.63,0.0576,0.1161,11.529000000000002,0.8262999999999999,0.0
1.5,"Thompson Sampling (h128_64_e64, mog3)",91.479,0.01158,0.03244,2.637012,0.95598,0.04119
12.0,DQN,86.466,0.0022,0.13313999999999998,6.788252000000001,0.86466,0.0
12.0,DQN without H-Score,-5.5918,0.041280000000000004,0.44674,24.399005999999858,0.51206,0.567978
12.0,LinUCB (h64_e32),25.3568,0.13496,0.57926,40.129801999999884,0.28916000000000003,0.035592
12.0,Static Multi-Threshold,71.483,0.0218,0.1613,9.421080000000003,0.8169,0.10207000000000001
12.0,Static Single-Threshold,82.72,0.055200000000000006,0.1176,11.685,0.8271999999999999,0.0
12.0,"Thompson Sampling (h128_64_e64, mog3)",92.1988,0.011980000000000001,0.03164,2.64208,0.95638,0.034392000000000006
3.0,DQN,86.172,0.0022600000000000003,0.13602,6.71379,0.86172,0.0
3.0,DQN without H-Score,1.6154000000000002,0.04464,0.44160000000000005,24.789151999999845,0.5139600000000001,0.49780599999999997
3.0,LinUCB (h64_e32),25.083599999999997,0.13536,0.583,40.28130599999989,0.28502,0.034184
3.0,Static Multi-Threshold,79.48,0.0233,0.1617,9.382650000000002,0.815,0.0202
3.0,Static Single-Threshold,82.66,0.0555,0.1179,11.523,0.8266,0.0
3.0,"Thompson Sampling (h128_64_e64, mog3)",91.8368,0.011640000000000001,0.03276,2.653578,0.9556,0.037232
6.0,DQN,86.296,0.0022600000000000003,0.13478,6.784418,0.8629600000000001,0.0
6.0,DQN without H-Score,-1.9832000000000003,0.042,0.4407,24.698269999999845,0.51734,0.537172
6.0,LinUCB (h64_e32),25.3778,0.13394,0.58054,40.08812799999989,0.28876,0.034982
6.0,Static Multi-Threshold,75.25399999999999,0.0231,0.1579,9.501980000000003,0.8190000000000001,0.06646
6.0,Static Single-Threshold,82.81,0.06060000000000001,0.11130000000000001,11.697000000000001,0.8281000000000001,0.0
6.0,"Thompson Sampling (h128_64_e64, mog3)",92.1194,0.01168,0.03218,2.636954,0.95614,0.034946
deterministic,DQN,86.076,0.002,0.13724,6.778196,0.86076,0.0
deterministic,DQN without H-Score,-5.1756,0.04162,0.4357,24.602161999999844,0.52274,0.574496
deterministic,LinUCB (h64_e32),25.285,0.1331,0.58178,39.908791999999885,0.28822000000000003,0.03537
deterministic,Static Multi-Threshold,71.309,0.021400000000000002,0.1609,9.360480000000003,0.8177,0.10461000000000001
deterministic,Static Single-Threshold,82.9,0.0596,0.1114,11.547,0.8290000000000001,0.0
deterministic,"Thompson Sampling (h128_64_e64, mog3)",92.2072,0.01192,0.031420000000000003,2.682128,0.95666,0.034588
