config,DI,BOS,SI_F1,false_positive_rate,human_survival,bot_survival,friction_s,DI_seed_sd,ratio_to_oracle,gap_closed_over_never,DI_se,human_survival_se,bot_survival_se,friction_s_se
posterior,92.7892,0.9549811865266675,0.967875796845455,0.00242,0.97042,0.042527999999999996,1.43852,5.923359916466326,1.0473530938889766,1.0473530938889766,2.649007085683236,0.012199770489644497,0.02691615080207421,0.6183954038315613
posterior+labels,91.278,0.9533023785500248,0.9531468203123148,0.01056,0.91726,0.0044800000000000005,4.158395999999996,6.891165793971291,1.0302955053389622,1.0302955053389622,3.0818230319082236,0.03045735707509765,0.0011588011045904295,1.4694607672836968
posterior+labels (floored),89.17580000000001,0.937504982264084,0.9373261405388906,0.00392,0.89682,0.0050620000000000005,4.926498000000026,14.1636264318147,1.0065670361424026,1.0065670361424026,6.334166301890092,0.06354552226553813,0.0006733899316146626,3.0236448630806745
oracle,88.594,0.9256208387440765,0.9256208387440765,0.00784,0.8859400000000001,0.0,5.810980000000001,21.695096911514362,1.0,1.0,9.70234229451837,0.09702342294518371,0.0,4.73767993662721
score-only,85.3438,0.9236273876851173,0.9226440530107086,0.01008,0.89754,0.044102,4.84609000000001,8.31104669701717,0.9633135426778338,0.9633135426778338,3.7168130757410984,0.03730318485062635,0.0024765912056696,1.781950056755249
posterior (floored),75.83139999999999,0.825258404885751,0.9032936813158262,0.00202,0.9638199999999999,0.205506,1.7529939999999993,24.459245415588757,0.8559428403729371,0.8559428403729371,10.938507085521312,0.01343712766926026,0.11232639300716461,0.6403958990468317
learned rm,0.0,0.0,0.6666666666666666,0.0,1.0,1.0,0.0,0.0,0.0,0.0,0.0,0.0,0.0,0.0
proxy pen=-600,0.0,0.0,0.6666666666666666,0.0,1.0,1.0,0.0,0.0,0.0,0.0,0.0,0.0,0.0,0.0
never challenge,0.0,0.0,0.6666666666666665,0.0,1.0,1.0,0.0,,0.0,0.0,,,,
pbrs pen=-600,0.0,0.0,0.6666666666666666,0.0,1.0,1.0,0.0,0.0,0.0,0.0,0.0,0.0,0.0,0.0
pbrs pen=-2400,0.0,0.0,0.6666666666666666,0.0,1.0,1.0,0.0,0.0,0.0,0.0,0.0,0.0,0.0,0.0
proxy zfr=35,0.0,0.0,0.6666666666666666,0.0,1.0,1.0,0.0,0.0,0.0,0.0,0.0,0.0,0.0,0.0
proxy,0.0,0.0,0.6666666666666666,0.0,1.0,1.0,0.0,0.0,0.0,0.0,0.0,0.0,0.0,0.0
proxy pen=-2400,0.0,0.0,0.6666666666666666,0.0,1.0,1.0,0.0,0.0,0.0,0.0,0.0,0.0,0.0,0.0
proxy 1000ep,0.0,0.0,0.6666666666666666,0.0,1.0,1.0,0.0,0.0,0.0,0.0,0.0,0.0,0.0,0.0
proxy pen=-9600,0.0,0.0,0.6666666666666666,0.0,1.0,1.0,0.0,0.0,0.0,0.0,0.0,0.0,0.0,0.0
proxy zfr=25,-0.3880000000000002,0.0,0.6649062796534342,0.0,0.99612,1.0,0.16791,0.8675943752699188,-0.004379529087748608,-0.004379529087748608,0.3880000000000002,0.0038799999999999985,0.0,0.16791
normclip pen=-9600,-0.44400000000000023,0.0005714285714285718,0.6645919636460863,0.00014000000000000001,0.99526,0.9997,0.20664000000000007,1.0099158380776099,-0.005011626069485521,-0.005011626069485521,0.45164809309904125,0.0044438271793579,0.00030000000000000653,0.19261330382400907
normclip pen=-2400,-0.5020000000000002,0.0,0.6643894111661537,2e-05,0.99498,1.0,0.25368799999999986,0.6894345509183599,-0.005666297943427323,-0.005666297943427323,0.30832450437809855,0.003083245043781004,0.0,0.15689934207637699
