episode,humans,bots,true_share,em_share,em_share_floored,summed_probabilities,raw_score_mean
0,148,200,0.5747126436781609,0.6109729700397214,0.602266291347157,0.6381204584490069,0.6120736169061441
1,116,500,0.8116883116883117,0.8459842526518107,0.8586088010971432,0.817430482211533,0.7764876354274086
2,153,100,0.3952569169960474,0.4299918971073009,0.40485814137491727,0.5017889214613492,0.4893498920537384
3,141,500,0.7800312012480499,0.7906062640789295,0.7982043286188114,0.7749430724328501,0.7390547240597549
4,105,500,0.8264462809917356,0.8315302639990378,0.8428428699531625,0.806029154032194,0.7619087741887274
5,122,20,0.14084507042253522,0.20149197430153348,0.1556180069669507,0.33563364993826217,0.3332627371320842
6,74,500,0.8710801393728222,0.9021918041872785,0.9199181332889395,0.8620319175712902,0.8156218872850157
7,114,500,0.8143322475570033,0.8246133271923285,0.8352981048408671,0.8010613542930245,0.762068500672543
8,204,20,0.08928571428571429,0.1279909119296638,0.07544548708853112,0.2675919740443108,0.2745894429722934
9,75,1000,0.9302325581395349,0.9345812962531441,0.9552475164938196,0.8899048505966375,0.8390295448431442
10,225,100,0.3076923076923077,0.3117067866716182,0.275836667434872,0.40882052070927627,0.4005799133101335
11,193,0,0.0,0.0623473644019602,0.003843707556200213,0.2043335861683518,0.21923699914212363
12,161,100,0.3831417624521073,0.4049646153922222,0.3775592129547314,0.4940528864516152,0.47132574691940315
13,213,20,0.08583690987124463,0.11870338141898987,0.06531495718835428,0.26199329301236884,0.26996446852552275
14,172,200,0.5376344086021505,0.5526117734354974,0.5386078343836702,0.5972974797617925,0.5700583923107354
15,183,100,0.35335689045936397,0.36746549446972465,0.33665641602582425,0.4591237645188717,0.44734632747096437
16,190,0,0.0,0.05779800704272195,0.0001,0.2088720044161741,0.22172986703287614
17,234,200,0.4608294930875576,0.48457811382214283,0.4643989756882453,0.5453159390344205,0.5231182914064159
18,250,1000,0.8,0.8181680454676206,0.8282678051324015,0.7942853963782432,0.7509809544563294
19,50,500,0.9090909090909091,0.9128047913639562,0.9314944279111416,0.8739504811862033,0.8277293628962202
20,135,20,0.12903225806451613,0.147650398291645,0.09688940231816093,0.2791602169506678,0.2868869485513818
21,133,1000,0.8826125330979699,0.8885888959386322,0.9050805321809029,0.8530773390992917,0.8064913247783471
22,66,20,0.23255813953488372,0.26560939461911587,0.22555516154143973,0.34152755525418765,0.3425380433584715
23,195,20,0.09302325581395349,0.13746034617131883,0.08577443155170018,0.2527646400614597,0.2655462765936242
24,86,500,0.8532423208191127,0.8630198928680655,0.8771907122008671,0.8294279202060465,0.7778121162549221
25,73,0,0.0,0.026679124466520886,0.0001,0.17713817417594516,0.1898778141157268
26,180,200,0.5263157894736842,0.5446359235908775,0.5299080419981842,0.5839924199550857,0.5648655288019463
27,127,500,0.7974481658692185,0.8284365320966065,0.8394683296195464,0.8054128765066864,0.7668410191131217
28,230,0,0.0,0.02996670104906278,0.0001,0.18200024370507625,0.19713253476859435
29,135,500,0.7874015748031497,0.8155667386315699,0.8254303859705014,0.794118749606454,0.7530509400438136
30,204,500,0.7102272727272727,0.7207661760032492,0.7220250778568307,0.7210956533479709,0.6895552796989002
31,123,200,0.6191950464396285,0.6510351312083952,0.6459647676099162,0.6688771603901822,0.6391093106911555
32,202,200,0.4975124378109453,0.5379515030989018,0.5226168978833852,0.5818859987384274,0.5598992280087512
33,197,20,0.09216589861751152,0.13810462683972913,0.08647719153710035,0.2625723775329014,0.2724681592241685
34,97,20,0.17094017094017094,0.18317649135318964,0.13564008604753525,0.30988143040085897,0.3083122167417891
35,97,0,0.0,0.06309146312057334,0.004655341217259001,0.20253576162268688,0.21074471519011811
36,218,100,0.31446540880503143,0.3607455124052122,0.329326482322243,0.45790618732691024,0.4416282860761356
37,67,0,0.0,0.08360785986564699,0.02703392846197498,0.22627528030476993,0.232741758338551
38,243,20,0.07604562737642585,0.13117044775394482,0.07891361937363689,0.2747710378896312,0.2789583846062648
39,88,0,0.0,0.03070970631562199,0.0001,0.16423367888036078,0.18482065162706104
40,70,1000,0.9345794392523364,0.9374656574313389,0.958393681804457,0.8940243634078122,0.846673018781242
41,188,1000,0.8417508417508418,0.8652370056343062,0.8796090656049624,0.8305339830958444,0.7836425301465222
42,230,500,0.684931506849315,0.7117339115277148,0.7121729832883312,0.7144682071835107,0.6785089522880846
43,183,20,0.09852216748768473,0.12918256506424264,0.07674530308949488,0.2733492392396852,0.27580077506675216
44,105,1000,0.9049773755656109,0.9040005760334439,0.9218910820350709,0.866214053909411,0.820638573766429
45,157,500,0.76103500761035,0.7586891172665279,0.7633901636851669,0.749886687094444,0.7122645573449552
46,165,200,0.547945205479452,0.5633146054250944,0.5502821284597212,0.6033901343821324,0.5751186416879909
47,214,1000,0.8237232289950577,0.8315715707692151,0.8428879259924112,0.805953234924051,0.7633949308479712
48,141,0,0.0,0.06628849497105625,0.008142547803393645,0.18915012450268656,0.20899458436942692
49,206,0,0.0,0.018281485995938446,0.0001,0.17731554577021072,0.1946469644012237
50,200,1000,0.8333333333333334,0.8360482076086855,0.84777089256515,0.8109323741516156,0.7675464426539839
51,98,20,0.1694915254237288,0.201102543232422,0.15519322835007443,0.3206994844306506,0.3244807920339754
52,237,100,0.29673590504451036,0.33297535158751246,0.2990357123964657,0.43151382088804663,0.42120955653975023
53,230,20,0.08,0.1338936261220165,0.0818839716684095,0.27731648206953413,0.2785884227976203
54,93,100,0.5181347150259067,0.5354447757605183,0.5198826428758507,0.5729951402326089,0.5631426503987973
55,65,0,0.0,0.12362048433061534,0.070678369605847,0.2719642565829792,0.27634124174140967
56,87,1000,0.9199632014719411,0.9220678476638147,0.9415982617012068,0.8772659369637976,0.8288409331523862
57,61,500,0.8912655971479501,0.8962389921193578,0.9134250035454798,0.8609090831753947,0.8160976978340941
58,186,500,0.7288629737609329,0.7493257299990997,0.7531768915307002,0.7430280138718586,0.7038808627998994
59,68,0,0.0,0.04926044233989168,0.0001,0.23663690600927498,0.2391944069086629
