a,b,metric,a_mean,b_mean,diff,p_value,seeds
posterior+labels,posterior,DI,91.27799999999999,92.7892,-1.5112000000000023,0.7198636832055193,5/5
posterior+labels,posterior,human_survival,0.9172600000000001,0.9704200000000001,-0.053159999999999985,0.16330789556986258,5/5
posterior+labels,posterior,bot_survival,0.00448,0.042527999999999996,-0.038048,0.2304798637521806,5/5
posterior+labels,posterior,friction_s,4.158395999999997,1.43852,2.719875999999997,0.14463001414773724,5/5
posterior+labels,posterior,false_positive_rate,0.01056,0.00242,0.00814,0.03065456630677033,5/5
posterior,oracle,DI,92.7892,88.59400000000001,4.195199999999986,0.6953603025353933,5/5
posterior,oracle,human_survival,0.9704200000000001,0.88594,0.08448000000000011,0.43496366660598296,5/5
posterior,oracle,bot_survival,0.042527999999999996,0.0,0.042527999999999996,0.18925357982642163,5/5
posterior,oracle,friction_s,1.43852,5.810980000000001,-4.37246,0.4102965745265681,5/5
posterior,oracle,false_positive_rate,0.00242,0.00784,-0.0054199999999999995,0.16989248506582316,5/5
posterior+labels,oracle,DI,91.27799999999999,88.59400000000001,2.6839999999999833,0.8029914235296589,5/5
posterior+labels,oracle,human_survival,0.9172600000000001,0.88594,0.031320000000000126,0.7710541540128043,5/5
posterior+labels,oracle,bot_survival,0.00448,0.0,0.00448,0.01805381013713844,5/5
posterior+labels,oracle,friction_s,4.158395999999997,5.810980000000001,-1.6525840000000036,0.753176781101585,5/5
posterior+labels,oracle,false_positive_rate,0.01056,0.00784,0.00272,0.5251947296678008,5/5
posterior,score-only,DI,92.7892,85.34379999999999,7.4454000000000065,0.14549105595475953,5/5
posterior,score-only,human_survival,0.9704200000000001,0.89754,0.07288000000000006,0.1243005730006827,5/5
posterior,score-only,bot_survival,0.042527999999999996,0.04410200000000001,-0.0015740000000000129,0.9563126021626347,5/5
posterior,score-only,friction_s,1.43852,4.846090000000009,-3.407570000000009,0.1312408498632346,5/5
posterior,score-only,false_positive_rate,0.00242,0.01008,-0.00766,0.011088489689191055,5/5
posterior,proxy,DI,92.7892,0.0,92.7892,3.9640392462878675e-06,5/5
posterior,proxy,human_survival,0.9704200000000001,1.0,-0.02957999999999994,0.07239930251870319,5/5
posterior,proxy,bot_survival,0.042527999999999996,1.0,-0.957472,3.72746980169749e-06,5/5
posterior,proxy,friction_s,1.43852,0.0,1.43852,0.08058572025968323,5/5
posterior,proxy,false_positive_rate,0.00242,0.0,0.00242,0.11858288687801358,5/5
learned rm,proxy,DI,0.0,0.0,0.0,,5/5
learned rm,proxy,human_survival,1.0,1.0,0.0,,5/5
learned rm,proxy,bot_survival,1.0,1.0,0.0,,5/5
learned rm,proxy,friction_s,0.0,0.0,0.0,,5/5
learned rm,proxy,false_positive_rate,0.0,0.0,0.0,,5/5
