variant,band,n,bias,se,class_gap,skew_ratio,true_bot_share,mean_q
"exact (no score, true share)","[0.00, 0.05)",14299,0.5055975378282331,0.17916830072531095,150.95303529255497,0.0033493698013316417,0.008462130218896427,0.006462459619750599
"exact (no score, true share)","[0.05, 0.20)",6358,-1.7722541896154047,0.6925140403249395,173.78977237260983,0.010197689803147019,0.09814407046240957,0.10364950351334043
"exact (no score, true share)","[0.20, 0.80)",34936,-0.581824884780438,0.4559881488605214,175.4541034688328,0.0033161087331524956,0.586272040302267,0.5888604843737147
"exact (no score, true share)","[0.80, 0.95)",18141,0.04686085629704179,0.500047846685781,195.30278453818414,0.0002399395195918464,0.8711757896477592,0.8741954159134113
"exact (no score, true share)","[0.95, 1.00)",12511,-0.006471691016441967,0.264387745088641,201.01995088196514,3.219427220058378e-05,0.9820158260730557,0.9821820148854886
posterior,"[0.00, 0.05)",27827,0.8518326429316205,0.13832483409072732,162.33303249356393,0.005247438736570103,0.011787113235346966,0.0076661174034536725
posterior,"[0.05, 0.20)",5602,-1.0354463329587598,0.8107924686607318,178.35399418061212,0.0058055685139868736,0.10871117458050696,0.10327971208388574
posterior,"[0.20, 0.80)",4168,-12.640259605138406,1.3608552251674264,183.83923684662432,0.06875713706146462,0.42130518234165065,0.5045155642697534
posterior,"[0.80, 0.95)",4663,-0.5144310189634249,0.8907273163372157,179.34444291173781,0.0028683967599519985,0.8820501822860819,0.8952190286205652
posterior,"[0.95, 1.00)",43985,-4.471927376369846,0.16568811940537898,189.43140515856652,0.023607106607410475,0.96648857565079,0.9952192860470548
"posterior, Platt only (eps = 0)","[0.00, 0.05)",27827,0.8518326429316205,0.13832483409072732,162.33303249356393,0.005247438736570103,0.011787113235346966,0.0076661174034536725
"posterior, Platt only (eps = 0)","[0.05, 0.20)",5602,-1.0354463329587598,0.8107924686607318,178.35399418061212,0.0058055685139868736,0.10871117458050696,0.10327971208388574
"posterior, Platt only (eps = 0)","[0.20, 0.80)",4168,-12.640259605138406,1.3608552251674264,183.83923684662432,0.06875713706146462,0.42130518234165065,0.5045155642697534
"posterior, Platt only (eps = 0)","[0.80, 0.95)",4663,-0.5144310189634249,0.8907273163372157,179.34444291173781,0.0028683967599519985,0.8820501822860819,0.8952190286205652
"posterior, Platt only (eps = 0)","[0.95, 1.00)",43985,-4.471927376369846,0.16568811940537898,189.43140515856652,0.023607106607410475,0.96648857565079,0.9952192860470548
posterior (floored),"[0.00, 0.05)",24539,-0.3428260022072998,0.11868754274540919,160.47856149393263,0.0021362729016003884,0.0054606952198541095,0.00815039969263369
posterior (floored),"[0.05, 0.20)",7289,-5.747346700009278,0.5854290365016772,175.51896616534447,0.032744875528694116,0.07586774591850734,0.11222019896195425
posterior (floored),"[0.20, 0.80)",7086,-11.758522773688576,1.0144210444394604,182.44004453004038,0.06445143556053248,0.3728478690375388,0.47245493442062697
posterior (floored),"[0.80, 0.95)",7753,3.09524413917955,0.6181590402100821,178.35607477285825,0.01735429613553357,0.9082935637817618,0.8991525470607802
posterior (floored),"[0.95, 1.00)",39578,-0.4677104685980406,0.12643063530893436,190.96821049166857,0.002449153539187851,0.9840315326696649,0.9871976162775858
posterior+labels (floored),"[0.00, 0.05)",25526,-0.3052375680811299,0.11634721247740934,160.99139544395788,0.0018959868460012512,0.005602131160385489,0.00800274262841108
posterior+labels (floored),"[0.05, 0.20)",6973,-5.033248878878066,0.6023480823608572,175.90173982305726,0.028613980077406294,0.0771547397103112,0.10951150539332713
posterior+labels (floored),"[0.20, 0.80)",6458,-6.885089627783739,1.0887077966621288,182.96560357181872,0.03763051356853073,0.40941467946732735,0.4858505525592514
posterior+labels (floored),"[0.80, 0.95)",7637,2.5383241446534353,0.6301434014004064,178.3860894221508,0.014229383876712996,0.9048055519182925,0.8990276690365506
posterior+labels (floored),"[0.95, 1.00)",39651,-0.2596855206744576,0.12126201104384056,190.94323417566986,0.001360014256569804,0.9856497944566341,0.9876695949053429
posterior+labels,"[0.00, 0.05)",28655,0.9192870357880437,0.13632902750832337,162.59535999748024,0.005653833146298209,0.011865294015006108,0.007360860320516709
posterior+labels,"[0.05, 0.20)",5011,0.26929865681303977,0.8793796954695356,179.64953739345597,0.0014990222670222663,0.11534623827579325,0.1010145565286734
posterior+labels,"[0.20, 0.80)",3978,-10.191331269604301,1.421563125357685,183.9861991550951,0.055391824584697796,0.444947209653092,0.5158307657495972
posterior+labels,"[0.80, 0.95)",4555,-1.8618966730630009,0.9252710013838052,179.48211355106972,0.010373717114341971,0.874423710208562,0.89516517228431
posterior+labels,"[0.95, 1.00)",44046,-4.177050164427056,0.16184660469906015,189.39776149710323,0.022054379795248755,0.9682150479044636,0.9953219839508725
score-only,"[0.00, 0.05)",5269,-4.135317778552083,0.15193755538274326,166.3886611192383,0.02485336290787634,0.0,0.028873189999818277
score-only,"[0.05, 0.20)",20629,-13.815316939393783,0.3494447595548894,168.3029582926734,0.08208600181209764,0.06999854573658441,0.1272540507012224
score-only,"[0.20, 0.80)",19786,-16.439861119281932,0.4785572915976697,177.3541739238531,0.09269509003120714,0.498332154048317,0.5020117607424452
score-only,"[0.80, 0.95)",8017,-15.634302245633892,0.7874739175267722,183.88240798406665,0.08502337127860866,0.8251216165647998,0.8945268209592889
score-only,"[0.95, 1.00)",32544,-0.10273242589552758,0.18841904253723873,188.02566589385015,0.0005463744824790311,0.9647861356932154,0.9850985205154444
