variant,n_humans,bots,DI,human_survival,bot_survival,friction_s
(static),25,0,83.5,0.835,0.0,8.4333
(static),25,20,78.975,0.836,0.04625,8.4333
(static),25,100,78.425,0.8380000000000001,0.05375,8.4333
(static),25,200,78.325,0.835,0.05175,8.4333
(static),25,500,78.61,0.8380000000000001,0.0519,8.4333
(static),25,1000,78.245,0.836,0.05355,8.4333
(static),50,0,83.35,0.8334999999999999,0.0,8.250800000000002
(static),50,20,76.425,0.833,0.06875,8.250800000000002
(static),50,100,77.975,0.836,0.05625,8.250800000000002
(static),50,200,77.6625,0.8300000000000001,0.05337499999999999,8.250800000000002
(static),50,500,78.05499999999999,0.833,0.05245,8.250800000000002
(static),50,1000,77.7475,0.8314999999999999,0.054025000000000004,8.250800000000002
(static),100,0,83.025,0.83025,0.0,8.199975000000006
(static),100,20,77.975,0.82975,0.05,8.199975000000006
(static),100,100,77.775,0.8307499999999999,0.053000000000000005,8.199975000000006
(static),100,200,77.85,0.83025,0.05175,8.199975000000004
(static),100,500,77.44500000000001,0.827,0.05255,8.199975000000006
(static),100,1000,77.5275,0.8295,0.054225,8.199975000000006
(static),200,0,83.825,0.83825,0.0,7.829062500000004
(static),200,20,79.375,0.835,0.04125,7.829062500000004
(static),200,100,78.7375,0.837875,0.0505,7.829062500000004
(static),200,200,78.8125,0.837375,0.04925,7.829062500000004
(static),200,500,78.565,0.8385,0.052849999999999994,7.829062500000004
(static),200,1000,78.53999999999999,0.838875,0.05347500000000001,7.829062500000004
(static),400,0,83.4625,0.834625,0.0,7.816299999999984
(static),400,20,77.375,0.83375,0.06,7.816299999999984
(static),400,100,78.325,0.836,0.052750000000000005,7.816299999999984
(static),400,200,78.30625,0.8373125,0.05425,7.816299999999984
(static),400,500,78.15125,0.8353125,0.0538,7.816299999999984
(static),400,1000,78.19874999999999,0.8360625,0.054075,7.816299999999984
100,25,0,100.0,1.0,0.0,1.4967599999999999
100,25,20,99.95,1.0,0.0005,1.4967599999999999
100,25,100,99.94,1.0,0.0006,1.4967599999999999
100,25,200,99.955,1.0,0.00045,1.4967599999999999
100,25,500,99.956,1.0,0.00043999999999999996,1.4967599999999999
100,25,1000,99.95299999999999,1.0,0.00047,1.4967599999999999
100,50,0,100.0,1.0,0.0,1.5707800000000003
100,50,20,99.85,1.0,0.0015000000000000002,1.5707800000000003
100,50,100,99.94,1.0,0.0006,1.5707800000000003
100,50,200,99.96,1.0,0.0004,1.5707800000000003
100,50,500,99.954,1.0,0.00046,1.5707800000000003
100,50,1000,99.954,1.0,0.00046,1.5707800000000003
100,100,0,100.0,1.0,0.0,1.5642100000000008
100,100,20,100.0,1.0,0.0,1.5642100000000008
100,100,100,99.97,1.0,0.0003,1.5642100000000008
100,100,200,99.965,1.0,0.00035000000000000005,1.5642100000000008
100,100,500,99.956,1.0,0.00043999999999999996,1.5642100000000008
100,100,1000,99.955,1.0,0.00045,1.5642100000000008
100,200,0,100.0,1.0,0.0,1.563679999999999
100,200,20,100.0,1.0,0.0,1.563679999999999
100,200,100,99.98,1.0,0.0002,1.563679999999999
100,200,200,99.97,1.0,0.0003,1.563679999999999
100,200,500,99.96,1.0,0.0004,1.563679999999999
100,200,1000,99.956,1.0,0.00043999999999999996,1.563679999999999
100,400,0,100.0,1.0,0.0,1.5436674999999973
100,400,20,99.95,1.0,0.0005,1.5436674999999973
100,400,100,99.96,1.0,0.0004,1.5436674999999973
100,400,200,99.955,1.0,0.00045,1.5436674999999973
100,400,500,99.948,1.0,0.0005200000000000001,1.5436674999999973
100,400,1000,99.955,1.0,0.00045,1.5436674999999973
1400,25,0,94.36,0.9436,0.0,2.4418
1400,25,20,92.19,0.9423999999999999,0.020499999999999997,2.41076
1400,25,100,92.09,0.9428,0.0219,2.41852
1400,25,200,92.3,0.9440000000000001,0.021,2.43404
1400,25,500,92.022,0.9412,0.02098,2.403
1400,25,1000,91.898,0.9408,0.02182,2.403
1400,50,0,94.66,0.9466,0.0,2.2544400000000007
1400,50,20,92.07,0.9472,0.0265,2.2641400000000003
1400,50,100,92.22,0.9448000000000001,0.0226,2.2350400000000006
1400,50,200,92.675,0.9481999999999999,0.02145,2.2835400000000003
1400,50,500,92.36200000000001,0.9448000000000001,0.021179999999999997,2.2369800000000004
1400,50,1000,92.50399999999999,0.9470000000000001,0.02196,2.2602600000000006
1400,100,0,95.17,0.9517,0.0,1.9930300000000005
1400,100,20,92.98,0.9512999999999999,0.0215,1.9872100000000006
1400,100,100,93.1,0.9525,0.0215,1.9988500000000005
1400,100,200,93.04,0.9516,0.0212,1.9843000000000004
1400,100,500,92.99600000000001,0.9512,0.021240000000000002,1.9823600000000006
1400,100,1000,92.92299999999999,0.9512999999999999,0.02207,1.9843000000000004
1400,200,0,95.355,0.95355,0.0,1.871195
1400,200,20,93.735,0.9538500000000001,0.0165,1.8765299999999998
1400,200,100,93.18,0.9521,0.020300000000000002,1.8522799999999997
1400,200,200,93.28,0.9529000000000001,0.020100000000000003,1.8605249999999998
1400,200,500,93.383,0.95515,0.021320000000000002,1.89593
1400,200,1000,93.31,0.9549,0.0218,1.8935049999999998
1400,400,0,95.525,0.95525,0.0,1.8545524999999983
1400,400,20,93.0575,0.9550749999999999,0.0245,1.8484899999999984
1400,400,100,93.4675,0.955775,0.021099999999999997,1.8603724999999982
1400,400,200,93.3575,0.955325,0.02175,1.8535824999999984
1400,400,500,93.29,0.9545,0.0216,1.8404874999999985
1400,400,1000,93.305,0.95525,0.022199999999999998,1.8518849999999984
200,25,0,100.0,1.0,0.0,0.6472
200,25,20,99.95,1.0,0.0005,0.6472
200,25,100,99.94,1.0,0.0006,0.6472
200,25,200,99.955,1.0,0.00045,0.6472
200,25,500,99.956,1.0,0.00043999999999999996,0.6472
200,25,1000,99.95299999999999,1.0,0.00047,0.6472
200,50,0,100.0,1.0,0.0,0.6615000000000001
200,50,20,99.85,1.0,0.0015000000000000002,0.6615000000000001
200,50,100,99.94,1.0,0.0006,0.6615000000000001
200,50,200,99.96,1.0,0.0004,0.6615000000000001
200,50,500,99.954,1.0,0.00046,0.6615000000000001
200,50,1000,99.954,1.0,0.00046,0.6615000000000001
200,100,0,100.0,1.0,0.0,0.6633
200,100,20,100.0,1.0,0.0,0.6633
200,100,100,99.97,1.0,0.0003,0.6633
200,100,200,99.965,1.0,0.00035000000000000005,0.6633
200,100,500,99.956,1.0,0.00043999999999999996,0.6633
200,100,1000,99.955,1.0,0.00045,0.6633
200,200,0,100.0,1.0,0.0,0.6615000000000001
200,200,20,100.0,1.0,0.0,0.6615000000000001
200,200,100,99.98,1.0,0.0002,0.6615000000000001
200,200,200,99.97,1.0,0.0003,0.6615000000000001
200,200,500,99.96,1.0,0.0004,0.6615000000000001
200,200,1000,99.956,1.0,0.00043999999999999996,0.6615000000000001
200,400,0,100.0,1.0,0.0,0.6588375
200,400,20,99.95,1.0,0.0005,0.6588375
200,400,100,99.96,1.0,0.0004,0.6588375
200,400,200,99.955,1.0,0.00045,0.6588375
200,400,500,99.948,1.0,0.0005200000000000001,0.6588375
200,400,1000,99.955,1.0,0.00045,0.6588375
25,25,0,100.0,1.0,0.0,1.08056
25,25,20,99.6,1.0,0.004,1.08056
25,25,100,99.41,1.0,0.0059,1.08056
25,25,200,99.425,1.0,0.005750000000000001,1.08056
25,25,500,99.38600000000001,1.0,0.00614,1.08056
25,25,1000,99.366,1.0,0.00634,1.08056
25,50,0,100.0,1.0,0.0,1.1128399999999998
25,50,20,99.2,1.0,0.008,1.1128399999999998
25,50,100,99.37,1.0,0.0063,1.1128399999999998
25,50,200,99.425,1.0,0.00575,1.1128399999999998
25,50,500,99.368,1.0,0.00632,1.1128399999999998
25,50,1000,99.36,1.0,0.0064,1.1128399999999998
25,100,0,100.0,1.0,0.0,1.1157599999999999
25,100,20,99.5,1.0,0.005,1.1157599999999999
25,100,100,99.39,1.0,0.0060999999999999995,1.1157599999999999
25,100,200,99.455,1.0,0.00545,1.1157599999999999
25,100,500,99.37,1.0,0.0063,1.1157599999999999
25,100,1000,99.35600000000001,1.0,0.00644,1.1157599999999999
25,200,0,100.0,1.0,0.0,1.1157100000000002
25,200,20,99.15,1.0,0.0085,1.1157100000000002
25,200,100,99.46,1.0,0.0054,1.1157100000000002
25,200,200,99.475,1.0,0.00525,1.1157100000000002
25,200,500,99.37,1.0,0.0063,1.1157100000000002
25,200,1000,99.348,1.0,0.006520000000000001,1.1157100000000002
25,400,0,100.0,1.0,0.0,1.1033925000000002
25,400,20,99.6,1.0,0.004,1.1033925000000002
25,400,100,99.41,1.0,0.0059,1.1033925000000002
25,400,200,99.35,1.0,0.006500000000000001,1.1033925000000002
25,400,500,99.318,1.0,0.0068200000000000005,1.1033925000000002
25,400,1000,99.35600000000001,1.0,0.00644,1.1033925000000002
400,25,0,100.0,1.0,0.0,2.6743599999999983
400,25,20,100.0,1.0,0.0,2.6743599999999983
400,25,100,100.0,1.0,0.0,2.6743599999999983
400,25,200,100.0,1.0,0.0,2.6743599999999983
400,25,500,100.0,1.0,0.0,2.6743599999999983
400,25,1000,100.0,1.0,0.0,2.6743599999999983
400,50,0,100.0,1.0,0.0,2.798180000000002
400,50,20,100.0,1.0,0.0,2.798180000000002
400,50,100,100.0,1.0,0.0,2.798180000000002
400,50,200,100.0,1.0,0.0,2.798180000000002
400,50,500,100.0,1.0,0.0,2.798180000000002
400,50,1000,100.0,1.0,0.0,2.798180000000002
400,100,0,100.0,1.0,0.0,2.832730000000008
400,100,20,100.0,1.0,0.0,2.832730000000008
400,100,100,100.0,1.0,0.0,2.832730000000008
400,100,200,100.0,1.0,0.0,2.832730000000008
400,100,500,100.0,1.0,0.0,2.832730000000008
400,100,1000,100.0,1.0,0.0,2.832730000000008
400,200,0,100.0,1.0,0.0,2.834749999999992
400,200,20,100.0,1.0,0.0,2.8347499999999917
400,200,100,100.0,1.0,0.0,2.8347499999999917
400,200,200,100.0,1.0,0.0,2.8347499999999917
400,200,500,100.0,1.0,0.0,2.8347499999999917
400,200,1000,100.0,1.0,0.0,2.834749999999992
400,400,0,100.0,1.0,0.0,2.821172499999968
400,400,20,100.0,1.0,0.0,2.821172499999968
400,400,100,100.0,1.0,0.0,2.821172499999968
400,400,200,100.0,1.0,0.0,2.821172499999968
400,400,500,100.0,1.0,0.0,2.821172499999968
400,400,1000,100.0,1.0,0.0,2.821172499999968
800,25,0,100.0,1.0,0.0,1.0476
800,25,20,100.0,1.0,0.0,1.0476
800,25,100,100.0,1.0,0.0,1.0476
800,25,200,100.0,1.0,0.0,1.0476
800,25,500,100.0,1.0,0.0,1.0476
800,25,1000,100.0,1.0,0.0,1.0476
800,50,0,100.0,1.0,0.0,0.97776
800,50,20,100.0,1.0,0.0,0.97776
800,50,100,100.0,1.0,0.0,0.97776
800,50,200,100.0,1.0,0.0,0.97776
800,50,500,100.0,1.0,0.0,0.97776
800,50,1000,100.0,1.0,0.0,0.97776
800,100,0,100.0,1.0,0.0,0.8671799999999997
800,100,20,100.0,1.0,0.0,0.8671799999999997
800,100,100,100.0,1.0,0.0,0.8671799999999997
800,100,200,100.0,1.0,0.0,0.8671799999999997
800,100,500,100.0,1.0,0.0,0.8671799999999997
800,100,1000,100.0,1.0,0.0,0.8671799999999997
800,200,0,100.0,1.0,0.0,0.8206199999999996
800,200,20,100.0,1.0,0.0,0.8206199999999996
800,200,100,100.0,1.0,0.0,0.8206199999999996
800,200,200,100.0,1.0,0.0,0.8206199999999996
800,200,500,100.0,1.0,0.0,0.8206199999999996
800,200,1000,100.0,1.0,0.0,0.8206199999999996
800,400,0,100.0,1.0,0.0,0.8060700000000003
800,400,20,100.0,1.0,0.0,0.8060700000000003
800,400,100,100.0,1.0,0.0,0.8060700000000003
800,400,200,100.0,1.0,0.0,0.8060700000000003
800,400,500,100.0,1.0,0.0,0.8060700000000003
800,400,1000,100.0,1.0,0.0,0.8060700000000003
unfrozen,25,0,100.0,1.0,0.0,1.08056
unfrozen,25,20,99.95,1.0,0.0005,1.07216
unfrozen,25,100,99.94,1.0,0.0006,1.06656
unfrozen,25,200,99.955,1.0,0.00045,1.0446
unfrozen,25,500,99.916,1.0,0.00084,1.03768
unfrozen,25,1000,96.818,0.9692000000000001,0.00102,2.01208
unfrozen,50,0,100.0,1.0,0.0,1.32212
unfrozen,50,20,99.85,1.0,0.0015000000000000002,1.3087199999999999
unfrozen,50,100,99.94,1.0,0.0006,1.3087199999999999
unfrozen,50,200,99.96,1.0,0.0004,1.27892
unfrozen,50,500,99.916,1.0,0.00084,1.27162
unfrozen,50,1000,96.978,0.9708,0.00102,2.14788
unfrozen,100,0,100.0,1.0,0.0,1.5642100000000008
unfrozen,100,20,100.0,1.0,0.0,1.5642100000000008
unfrozen,100,100,99.97,1.0,0.0003,1.5305800000000007
unfrozen,100,200,99.965,1.0,0.00035000000000000005,1.5031200000000007
unfrozen,100,500,99.916,1.0,0.00084,1.4744500000000005
unfrozen,100,1000,95.785,0.9588,0.00095,2.4483200000000003
unfrozen,200,0,100.0,1.0,0.0,0.6615000000000001
unfrozen,200,20,100.0,1.0,0.0,0.653925
unfrozen,200,100,99.98,1.0,0.0002,0.653925
unfrozen,200,200,99.97,1.0,0.0003,0.653925
unfrozen,200,500,99.90799999999999,1.0,0.00092,0.8978149999999999
unfrozen,200,1000,96.109,0.9616500000000001,0.0005600000000000001,1.789145
unfrozen,400,0,100.0,1.0,0.0,2.821172499999968
unfrozen,400,20,100.0,1.0,0.0,2.821172499999968
unfrozen,400,100,100.0,1.0,0.0,2.821172499999968
unfrozen,400,200,100.0,1.0,0.0,2.922277499999968
unfrozen,400,500,97.9125,0.9791249999999999,0.0,3.5358324999999677
unfrozen,400,1000,96.91,0.9691,0.0,3.7668649999999677
