variant,human_survival,bot_survival,friction_s,challenge_share,DI (bots>0),note
unfrozen,0.9936225,0.00040633333333333336,1.6678412499999937,0.30513723052162073,99.18594,
true,0.9936225,0.00040633333333333336,1.6678412499999937,0.30513723052162073,99.18594,
25,1.0,0.0050606666666666664,1.1056525,0.3565933486753127,99.39272,
100,1.0,0.0003693333333333334,1.5478194999999992,0.3323065997978002,99.95568,
200,1.0,0.0003693333333333334,0.6584675,0.2935527644862371,99.95568,
400,1.0,0.0,2.7922384999999936,0.20757222026181393,100.0,
800,1.0,0.0,0.903846,0.20408881464313486,100.0,
1400,0.9498875,0.017952333333333334,2.0778301666666668,0.21507120800403087,92.82942,
random,0.9823700000000001,5.7666666666666675e-05,2.1548226666666674,0.23088153812390005,98.22108,out of distribution -- not evidence
(static),0.8343812500000001,0.044192499999999996,8.1058875,0.38653333420119823,78.13615,
