policy,bots,n_pools,DI_mean,ci_lo,ci_hi,var_between_pools,var_within_pool,share_between_pools
DQN,100,200,100.0,100.0,100.0,0.0,0.0,
DQN,500,200,100.0,100.0,100.0,0.0,0.0,
LinUCB (h64_e32),100,200,15.111666666666665,5.0,36.35833333333334,78.22529034059185,14.98,0.839279509293304
LinUCB (h64_e32),500,200,21.0,6.0,41.025000000000006,98.7253256281407,16.8994,0.8538426802036274
Static Multi-Threshold,100,200,78.305,61.983333333333334,90.68333333333334,56.7869653824679,18.633333333333336,0.7529400751441271
Static Multi-Threshold,500,200,78.33800000000001,60.38666666666666,90.20166666666667,58.23531066443328,10.586866666666669,0.8461707101224972
Static Single-Threshold,100,200,79.245,53.96666666666667,95.33333333333333,126.93349804578445,16.313333333333333,0.8861173180846256
Static Single-Threshold,500,200,79.245,53.96666666666667,95.33333333333333,126.93349804578445,16.313333333333333,0.8861173180846256
"Thompson Sampling (h128_64_e64, mog3)",100,200,62.945,38.65833333333333,86.71666666666668,140.2995616973758,27.653333333333336,0.8353506599080825
"Thompson Sampling (h128_64_e64, mog3)",500,200,90.78,75.58333333333334,100.0,45.72778168620882,6.9656666666666665,0.8678077278218869
