policy,train_seed,DI,human_survival,bot_survival,friction_s
DQN,0.0,20.151,0.102,-0.1,-7.287
DQN,1.0,19.891,0.099,-0.1,-5.211
DQN,2.0,20.263,0.103,-0.1,6.805
DQN,3.0,20.599,0.106,-0.1,-9.131
DQN,4.0,19.915,0.099,-0.1,2.422
DQN without H-Score,0.0,-50.563,0.113,0.619,37.766
DQN without H-Score,1.0,-58.307,0.113,0.696,-5.818
DQN without H-Score,2.0,-42.576,0.113,0.539,42.4
DQN without H-Score,3.0,-59.534,-0.284,0.312,30.47
DQN without H-Score,4.0,-64.765,-0.091,0.557,-4.675
LinUCB,0.0,-65.641,-0.756,-0.1,23.283
LinUCB,1.0,-35.465,-0.455,-0.1,10.524
LinUCB,2.0,14.27,0.047,-0.095,43.735
LinUCB,3.0,-14.954,-0.103,0.047,10.055
LinUCB,4.0,-34.142,-0.426,-0.084,30.329
Thompson Sampling,0.0,-5.33,-0.043,0.011,-4.784
Thompson Sampling,1.0,17.227,0.075,-0.098,-8.166
Thompson Sampling,2.0,13.94,0.086,-0.053,-8.642
Thompson Sampling,3.0,16.787,0.086,-0.082,-8.893
Thompson Sampling,4.0,18.495,0.085,-0.1,-8.062
