candidate,DI,DI_sd,n,friction_s,human_survival,bot_survival,se,params
thompson:h64_e32:mog2,76.26113333333333,9.44656387441134,5,10.780878666666649,0.8565733333333334,0.093962,4.224631795395508,2464
thompson:h256_e64:mog2,76.13579999999999,3.4905445977510303,5,7.405183999999987,0.8629466666666665,0.10158866666666669,1.5610189998131927,17984
thompson:h256_128_e128:mog2,72.82453333333333,8.91078272406838,5,7.830499999999998,0.7814,0.05315466666666666,3.9850231807495295,50944
thompson:h128_64_e64:mog2,72.2656,7.222454401225238,5,5.831196666666669,0.8186333333333333,0.09597733333333333,3.2299798011064342,13184
thompson:h128_64_e64:mog3,72.26306666666667,7.049664051885336,5,5.188418666666668,0.8234266666666666,0.100796,3.152705607710443,13184
thompson:h128_e64:mog2,71.78866666666667,6.04627002098539,5,6.556108666666665,0.8173266666666666,0.09944,2.703974155448482,9024
thompson:h128_e64:mog3,70.13213333333333,4.518631458257641,5,5.599422666666667,0.8395466666666668,0.13822533333333334,2.0207934211866174,9024
thompson:h256_128_e128:mog3,70.02926666666667,8.692666856481836,5,7.961646666666667,0.7451333333333333,0.04484066666666667,3.8874787993705584,50944
thompson:h64_e32:mog3,68.75186666666666,10.439117391916911,5,7.764413333333356,0.8461466666666666,0.158628,4.668515222685305,2464
thompson:h128_64_e64:gaussian,66.66193333333334,2.28877136375732,5,13.800742000000003,0.7155466666666668,0.04892733333333334,1.0235696708632531,13184
thompson:h128_64_e64:gaussian_full,66.579,2.5456186870778583,5,13.761820000000005,0.7145400000000001,0.04875,1.1384352858199713,13184
thompson:h256_128_e128:gaussian_full,65.52413333333332,10.312662959251167,5,14.448125333333348,0.6958066666666667,0.040565333333333335,4.611963081185951,50944
thompson:h256_e64:mog3,65.36853333333333,11.255191490053726,5,6.107676000000002,0.8180733333333332,0.164388,5.033474654307455,17984
thompson:h256_128_e128:gaussian,65.27680000000001,10.377508844183712,5,14.68904800000002,0.6923466666666667,0.039578666666666665,4.640963042540011,50944
thompson:h256_e64:gaussian_full,62.0154,12.405416360516794,5,18.958713333333314,0.6473066666666667,0.027152666666666665,5.547870854260718,17984
thompson:h256_e64:gaussian,61.80006666666666,12.462448761512855,5,19.50063733333332,0.6452466666666666,0.027246,5.573376519370162,17984
thompson:h64_e32:gaussian_full,56.983866666666664,15.037241340899078,5,19.902234666666676,0.5930933333333334,0.023254666666666667,6.724858766464085,2464
thompson:h64_e32:gaussian,56.92413333333334,15.128739019201541,5,19.972060666666675,0.5919733333333334,0.022732000000000002,6.765777772157628,2464
thompson:h128_e64:gaussian_full,54.642466666666664,13.803020399334503,5,17.472783333333336,0.57508,0.02865533333333333,6.172898381545648,9024
thompson:h128_e64:gaussian,54.25233333333333,13.515905747180495,5,17.527505333333334,0.5722799999999999,0.029756666666666664,6.044496805635134,9024
