policy,split,seen,unseen,gap
DQN,0,81.84800000000001,62.404500000000006,19.443500000000007
DQN,1,83.71000000000001,83.71000000000001,0.0
DQN,2,83.71000000000001,82.265,1.4450000000000074
DQN,3,82.03,83.71000000000001,-1.6800000000000068
DQN,4,83.703,79.49,4.213000000000008
DQN,5,85.441,83.42,2.021000000000001
DQN,6,91.3065,77.985,13.3215
DQN,7,85.035,85.035,0.0
DQN,8,66.9665,65.997,0.9694999999999965
DQN,9,83.64,78.425,5.215000000000003
DQN without H-Score,0,9.279,9.34,-0.06099999999999994
DQN without H-Score,1,13.2445,13.188,0.05649999999999977
DQN without H-Score,2,29.872500000000002,29.8815,-0.008999999999996788
DQN without H-Score,3,17.085500000000003,17.3045,-0.21899999999999764
DQN without H-Score,4,2.375,1.925,0.44999999999999996
DQN without H-Score,5,18.556,19.1095,-0.5534999999999997
DQN without H-Score,6,15.47,15.2835,0.18650000000000055
DQN without H-Score,7,11.5125,11.365,0.14749999999999908
DQN without H-Score,8,15.556999999999999,16.118000000000002,-0.5610000000000035
DQN without H-Score,9,45.287499999999994,45.335499999999996,-0.04800000000000182
Static Multi-Threshold,0,66.76599999999999,66.76599999999999,0.0
Static Multi-Threshold,1,66.03999999999999,66.03999999999999,0.0
Static Multi-Threshold,2,65.56,65.56,0.0
Static Multi-Threshold,3,66.393,66.393,0.0
Static Multi-Threshold,4,66.9785,66.9785,0.0
Static Multi-Threshold,5,66.7005,66.7005,0.0
Static Multi-Threshold,6,66.7775,66.7775,0.0
Static Multi-Threshold,7,67.124,67.124,0.0
Static Multi-Threshold,8,66.30499999999999,66.30499999999999,0.0
Static Multi-Threshold,9,66.52850000000001,66.52850000000001,0.0
Static Single-Threshold,0,65.74000000000001,65.74000000000001,0.0
Static Single-Threshold,1,63.41,63.41,0.0
Static Single-Threshold,2,62.21,62.21,0.0
Static Single-Threshold,3,65.08500000000001,65.08500000000001,0.0
Static Single-Threshold,4,63.34,63.34,0.0
Static Single-Threshold,5,63.065,63.065,0.0
Static Single-Threshold,6,64.485,64.485,0.0
Static Single-Threshold,7,65.81,65.81,0.0
Static Single-Threshold,8,64.63499999999999,64.63499999999999,0.0
Static Single-Threshold,9,64.565,64.565,0.0
