injection,arm,eval_condition,d_human_survival,p_human_survival,d_bot_survival,p_bot_survival,d_friction_s,p_friction_s,d_DI,p_DI
adversary bots,oracle,seen,-0.10784000000000005,0.19493797808212104,-0.000122,0.37390096630005887,6.818540000000014,0.12120044888151055,-10.771799999999999,0.19598405916650058
adversary bots,oracle,adversary bots,-0.15061999999999998,0.0003604193621336801,-0.9571799999999999,4.689476908139151e-07,8.980590000000001,0.00019079561918277827,80.65599999999999,9.420932611676967e-08
adversary bots,oracle,adversary humans,-0.12512000000000006,0.002243547438239561,-0.00013,0.37390096630005887,6.949633999999982,0.0001804526072317332,-12.498999999999999,0.002313966674200319
adversary bots,oracle,adversary both,-0.11549999999999994,7.600605049705856e-05,-0.9619179999999999,5.63926698433128e-07,6.172679999999993,9.086814290647916e-05,84.6418,9.0685372350976e-07
adversary bots,oracle,control humans,-0.15726000000000018,0.03554196695493818,-0.00011200000000000001,0.37390096630005887,9.495034000000004,0.012814147721936358,-15.714799999999997,0.035895809583069614
adversary bots,proxy,seen,0.0,,0.0,,0.0,,0.0,
adversary bots,proxy,adversary bots,0.0,,0.0,,0.0,,0.0,
adversary bots,proxy,adversary humans,0.0,,0.0,,0.0,,0.0,
adversary bots,proxy,adversary both,0.0,,0.0,,0.0,,0.0,
adversary bots,proxy,control humans,0.0,,0.0,,0.0,,0.0,
adversary bots,posterior,seen,0.028119999999999812,0.06145566305673499,0.06600000000000002,0.04709158146217471,-1.4997239999999998,0.07913778217214511,-3.7879999999999825,0.20233896919166472
adversary bots,posterior,adversary bots,0.0383199999999998,0.0035049200293159615,0.046820000000000084,0.05023180409839279,-1.986234,0.007737701354267116,-0.850000000000001,0.6875177806696792
adversary bots,posterior,adversary humans,0.12306000000000006,0.0033574847010586634,0.06585400000000001,0.05284759992127165,-8.637487999999998,0.0040898692080962576,5.720600000000005,0.06615446094883698
adversary bots,posterior,adversary both,0.15449999999999997,0.0031366285260699483,0.04759199999999997,0.0346998395597929,-9.503892000000008,0.0007216279765977798,10.690799999999989,0.016758898875795097
adversary bots,posterior,control humans,0.0,,0.06610200000000001,0.04483033339963344,0.0,,-6.610199999999992,0.044830333399633694
adversary bots,posterior+labels,seen,0.04142000000000012,0.026574292380694024,0.02498199999999999,0.487947399466797,-2.140762,0.032778103827929374,1.6437999999999846,0.6142970827328269
adversary bots,posterior+labels,adversary bots,0.05001999999999995,0.0017905439939797376,0.03406599999999993,0.03822691926657758,-2.5294339999999984,0.003232215685135012,1.5953999999999995,0.37162258267180437
adversary bots,posterior+labels,adversary humans,0.12351999999999996,0.03968159155905067,0.026982,0.44884044313853777,-8.932142000000024,0.020296092818333084,9.653799999999997,0.10623377706279252
adversary bots,posterior+labels,adversary both,0.12618000000000001,0.0034753395164904325,0.032128000000000156,0.03934092422455645,-8.090700000000034,0.0058319416492562965,9.4052,0.02045430775636443
adversary bots,posterior+labels,control humans,0.007420000000000093,0.2765139919848615,0.026410000000000003,0.4628865200394686,-0.34511600000000003,0.25215155007103696,-1.899000000000001,0.5803205540743639
adversary bots,score-only,seen,-0.0023200000000000998,0.8676453741354849,0.04288,0.04849913083782015,0.06711399999999879,0.9169408645791941,-4.519999999999996,0.052272260057635446
adversary bots,score-only,adversary bots,-0.001100000000000101,0.9299978700439183,-0.3130099999999999,0.0017826844745803324,0.10369399999999995,0.8623584988883662,31.191,0.001824715551920942
adversary bots,score-only,adversary humans,-0.033420000000000005,0.08643061216100932,0.037913999999999996,0.04308770356698519,1.2063900000000487,0.2227822755767464,-7.1334,0.018275667106218058
adversary bots,score-only,adversary both,-0.022359999999999963,0.3328369877844403,-0.32221800000000006,0.0018493648717287053,0.4995320000000447,0.6674968428242868,29.985800000000005,0.0008066491186289025
adversary bots,score-only,control humans,-0.031460000000000043,0.05598880773974647,0.043836,0.04508655473641609,1.1412079999999998,0.19259933662156972,-7.529600000000016,0.0011149181204874764
adversary bots,posterior (floored),seen,0.07150000000000001,0.1736188405859186,0.05043399999999999,0.29624694690161457,-3.3643120000000066,0.17998504111640196,2.1066000000000145,0.7224232469956728
adversary bots,posterior (floored),adversary bots,0.03871999999999998,0.030390909683279482,0.12147800000000009,0.05164793408573874,-1.871966000000002,0.03306515082785439,-8.275800000000002,0.10546224950046505
adversary bots,posterior (floored),adversary humans,0.2595599999999999,0.014219240078384671,0.053930000000000006,0.2422076207117567,-15.304642000000058,0.005839952981057452,20.563000000000006,0.03604482568845002
adversary bots,posterior (floored),adversary both,0.21478000000000003,0.027225620867324614,0.12829999999999986,0.026154389366142502,-11.744008000000033,0.021596018241430218,8.647999999999996,0.27435413548569854
adversary bots,posterior (floored),control humans,0.03605999999999998,0.3661176720978136,0.05184,0.28694469595976696,-1.7483300000000042,0.3658833077850827,-1.5779999999999887,0.776538822615313
adversary bots,posterior+labels (floored),seen,0.058499999999999885,0.0361777899559832,0.034853999999999996,0.12352808281010426,-3.0791180000000002,0.03574887552180203,2.36460000000001,0.36502572520507964
adversary bots,posterior+labels (floored),adversary bots,0.0649599999999999,0.011020145415632846,0.10290999999999995,0.1342048575058615,-3.306528,0.01219654836529103,-3.795000000000001,0.46071550877289286
adversary bots,posterior+labels (floored),adversary humans,0.22282000000000007,0.011287800918342559,0.035544000000000006,0.10378227864618982,-13.995638000000003,0.01136146891507995,18.727600000000002,0.015285754828678586
adversary bots,posterior+labels (floored),adversary both,0.23441999999999996,0.00039426735411548255,0.098854,0.14241136101973284,-13.606132000000002,0.000555175498088299,13.556600000000003,0.02090318989962624
adversary bots,posterior+labels (floored),control humans,0.03581999999999996,0.23483881084860267,0.03652,0.12192420472812042,-1.7451439999999985,0.2389633864521014,-0.07000000000000739,0.9824157166796368
adversary humans,oracle,seen,0.07509999999999994,0.33802755882810587,0.005554000000000001,0.2657264315500767,-3.8121039999999846,0.33409108105716734,6.954599999999999,0.3722329966464832
adversary humans,oracle,adversary bots,0.022320000000000007,0.3156321384774266,0.02804200000000001,0.15537719897462424,-1.1985279999999976,0.30284566628646986,-0.5722,0.8234092669290608
adversary humans,oracle,adversary humans,0.16565999999999997,0.0001519698990705548,0.007556000000000001,0.2045235273603101,-12.37280200000005,3.648568740318199e-05,15.810400000000001,0.00021865517279319623
adversary humans,oracle,adversary both,0.12018000000000001,0.0015235656954407642,0.026376000000000177,0.19365185570445112,-9.452146000000013,0.0008260231740046749,9.380400000000009,0.008687258167293136
adversary humans,oracle,control humans,0.04810000000000003,0.40884921889818443,0.006167999999999999,0.26319960310700147,-2.2244319999999926,0.40855736117484864,4.19319999999999,0.47213117067230237
adversary humans,proxy,seen,0.0,,0.0,,0.0,,0.0,
adversary humans,proxy,adversary bots,0.0,,0.0,,0.0,,0.0,
adversary humans,proxy,adversary humans,0.0,,0.0,,0.0,,0.0,
adversary humans,proxy,adversary both,0.0,,0.0,,0.0,,0.0,
adversary humans,proxy,control humans,0.0,,0.0,,0.0,,0.0,
adversary humans,posterior,seen,-0.032240000000000046,0.03989363631591478,0.002045999999999999,0.6531680591449694,1.6338560000000006,0.0616631276443194,-3.428600000000003,0.021297243828292296
adversary humans,posterior,adversary bots,-0.024460000000000037,0.015111233367127564,-0.20077999999999985,0.004592149725118605,1.2572099999999997,0.03185447531818767,17.631999999999998,0.006571019758081229
adversary humans,posterior,adversary humans,-0.06115999999999999,0.05067715962315893,-0.00244,0.5332323027455992,3.078306000000005,0.17311833040445437,-5.871999999999996,0.057530727465082136
adversary humans,posterior,adversary both,-0.05996000000000001,0.005187437868513177,-0.17907399999999996,0.006149233289328197,3.002075999999988,0.07652900544985294,11.911399999999986,0.029822294440342994
adversary humans,posterior,control humans,-0.0036599999999999966,0.06357681560499512,0.0011599999999999987,0.8158336582924802,0.173302,0.06554206905097727,-0.4819999999999851,0.4495949580178146
adversary humans,posterior+labels,seen,-0.02514000000000005,0.10633455427842256,-0.03828000000000001,0.23444651247937712,1.3452919999999997,0.1153699214768675,1.313999999999993,0.6070329697097242
adversary humans,posterior+labels,adversary bots,-0.018079999999999985,0.07121788081012845,-0.1505160000000001,0.08930900499834116,0.9919080000000018,0.07578391847293817,13.243599999999999,0.10562341423042446
adversary humans,posterior+labels,adversary humans,-0.08988000000000007,0.09236955193930804,-0.037624,0.21786752466905673,5.112937999999993,0.11376690375076341,-5.2256,0.31151108951912143
adversary humans,posterior+labels,adversary both,-0.08284000000000002,0.019991690512521268,-0.1447019999999999,0.09056261565672061,4.76449199999999,0.04059496488923646,6.1861999999999995,0.3894384268995914
adversary humans,posterior+labels,control humans,0.001140000000000141,0.8672132006608295,-0.038186,0.2308540491324995,-0.069164,0.817887247302136,3.932600000000008,0.19771914731078716
adversary humans,score-only,seen,0.0010799999999999699,0.9330611930442924,-0.031754000000000004,0.005019335540505252,-0.10635800000000062,0.8560038439633462,3.2834000000000003,0.0215192466145406
adversary humans,score-only,adversary bots,-0.0036200000000000676,0.7320879826068061,-0.069106,0.3403447973245673,0.09387599999999985,0.8537433885245943,6.548600000000004,0.3622901459043989
adversary humans,score-only,adversary humans,-0.060860000000000025,2.717959291120819e-05,-0.03208600000000001,0.005769328736612926,5.516840000000009,0.0012217000142464023,-2.8774000000000015,0.024078659941120184
adversary humans,score-only,adversary both,-0.05757999999999999,7.718452084451893e-05,-0.07080400000000009,0.33295604765242376,4.416960000000024,0.0014452510603838412,1.322400000000009,0.8381019595905048
adversary humans,score-only,control humans,-0.06447999999999998,0.003835328015482556,-0.032976000000000005,0.005688349547118958,4.405374,0.012852210038091083,-3.150400000000019,0.09718113494120152
adversary humans,posterior (floored),seen,-0.0006199999999999539,0.9896660706176982,-0.020820000000000005,0.3641992059343686,0.19838399999999368,0.9312413008859208,2.019999999999996,0.6765567831089858
adversary humans,posterior (floored),adversary bots,-0.05607999999999991,0.04090147780122224,-0.3919759999999998,0.011679723493446717,2.7048199999999984,0.04492899596633096,33.58959999999999,0.011971199011239145
adversary humans,posterior (floored),adversary humans,0.0011200000000000099,0.9838205238823119,-0.02055,0.36907402926672034,-0.2870380000000381,0.9262451309979975,2.166999999999998,0.683229509915011
adversary humans,posterior (floored),adversary both,-0.08070000000000002,0.03119826517725992,-0.315886,0.011579779846955959,4.6622819999999905,0.036549854504739104,23.5186,0.014877813295533468
adversary humans,posterior (floored),control humans,-0.01539999999999997,0.7266457810567762,-0.020952000000000002,0.35909906856913393,0.9016679999999959,0.6795557015871839,0.5551999999999992,0.9011698088308931
adversary humans,posterior+labels (floored),seen,-0.027000000000000135,0.28562218886387714,-0.004596,0.18273494810060648,1.3768479999999998,0.30250076549278343,-2.2403999999999797,0.3335258363336856
adversary humans,posterior+labels (floored),adversary bots,-0.03527999999999998,0.16077810278998808,-0.38085400000000014,0.005113599647900536,1.9031580000000008,0.1448295282441715,34.5574,0.005513786128978533
adversary humans,posterior+labels (floored),adversary humans,-0.09405999999999998,0.14419418863008263,-0.005234000000000001,0.22065919415468208,5.001936000000001,0.22014698947562691,-8.8826,0.1438920411112372
adversary humans,posterior+labels (floored),adversary both,-0.08536000000000005,0.03573273957585152,-0.32201000000000013,0.006636126764575921,6.362524000000015,0.022934407652351912,23.665000000000006,0.015563794320852838
adversary humans,posterior+labels (floored),control humans,0.005679999999999907,0.8545774078644373,-0.0048280000000000016,0.1530135032605092,-0.37328399999999884,0.802697409927422,1.0507999999999953,0.7253114824239839
adversary both,oracle,seen,-0.060719999999999996,0.48993973774189803,0.007168000000000001,0.21262221618401944,4.069496000000007,0.3675458059561533,-6.788799999999995,0.4380759914392309
adversary both,oracle,adversary bots,-0.10329999999999995,0.0909469883777624,-0.948352,1.1781962094399226e-07,5.932853999999994,0.05933492688747736,84.5052,2.256946840425931e-06
adversary both,oracle,adversary humans,0.03735999999999989,0.6540351065271552,0.010624,0.13972469447560085,-4.01945599999997,0.4326418380145679,2.6736000000000075,0.7309437799060405
adversary both,oracle,adversary both,0.04824000000000006,0.5650853210158867,-0.950822,8.652797051515051e-08,-4.989907999999957,0.33953502662873636,99.90620000000001,8.99926957955868e-05
adversary both,oracle,control humans,-0.11046000000000011,0.17483197134504122,0.008024000000000002,0.186787545828066,6.681762,0.09622037566945826,-11.848399999999998,0.13818206376157013
adversary both,proxy,seen,0.0,,0.0,,0.0,,0.0,
adversary both,proxy,adversary bots,0.0,,0.0,,0.0,,0.0,
adversary both,proxy,adversary humans,0.0,,0.0,,0.0,,0.0,
adversary both,proxy,adversary both,0.0,,0.0,,0.0,,0.0,
adversary both,proxy,control humans,0.0,,0.0,,0.0,,0.0,
adversary both,posterior,seen,0.009519999999999862,0.47721948932840563,0.03311999999999999,0.33200576212224797,-0.630576,0.4085936810341329,-2.359999999999985,0.46271626058926113
adversary both,posterior,adversary bots,0.01737999999999995,0.08655905089888244,0.03899799999999998,0.08213333293256421,-1.061672,0.06954387255174344,-2.1618000000000017,0.34164066580786684
adversary both,posterior,adversary humans,0.03702,0.30463422074975594,0.031231999999999996,0.3581821665096187,-3.7499839999999978,0.13978883488352611,0.5788000000000011,0.8056203220480377
adversary both,posterior,adversary both,0.0963,0.06699195369389814,0.04101599999999994,0.053503813382395946,-5.924442000000017,0.05956277941735063,5.5283999999999835,0.2406650335693513
adversary both,posterior,control humans,0.0,,0.03233400000000001,0.34098479459421716,0.0,,-3.2333999999999747,0.3409847945942206
adversary both,posterior+labels,seen,0.032440000000000024,0.05354946157178669,-0.017052000000000005,0.5749562665697906,-1.6947880000000002,0.06313298665889198,4.9491999999999905,0.10560155533966313
adversary both,posterior+labels,adversary bots,0.03251999999999988,0.006600893689801106,0.027959999999999985,0.06663762043020097,-1.7465499999999985,0.010528708364247194,0.4559999999999993,0.7909892675490775
adversary both,posterior+labels,adversary humans,0.02797999999999995,0.5465001896814655,-0.019354000000000003,0.5034062920777058,-3.368158000000001,0.25993875912961545,4.733399999999996,0.36933423414191385
adversary both,posterior+labels,adversary both,0.03487999999999997,0.21887854809225218,0.02644000000000013,0.06796607142354005,-3.0364540000000133,0.13862841687347635,0.8439999999999941,0.774170049183279
adversary both,posterior+labels,control humans,0.007420000000000093,0.2765139919848615,-0.016957999999999997,0.5745466006823075,-0.34511600000000003,0.25215155007103696,2.43780000000001,0.4035685276828209
adversary both,score-only,seen,-0.013620000000000076,0.45831903704044197,-0.010334000000000003,0.04771976604293538,0.6492399999999998,0.4307472717652926,-0.32859999999998024,0.8444857240563945
adversary both,score-only,adversary bots,-0.015940000000000176,0.3239415160712403,-0.4058339999999999,0.00013667927855808793,0.7969160000000008,0.31552731426693825,38.98939999999999,0.0002408091012583624
adversary both,score-only,adversary humans,-0.05288000000000004,7.273055101330549e-05,-0.013704000000000008,0.07742656048197782,2.253922000000017,0.003435765470243108,-3.9176,0.008596110442737316
adversary both,score-only,adversary both,-0.04757999999999998,0.0027572078765791203,-0.4057160000000001,0.00011888779534264626,1.9144500000000022,0.016665367485996868,35.81360000000001,0.0001417991110542365
adversary both,score-only,control humans,-0.04708000000000001,0.008689495508648712,-0.013272000000000006,0.019746435668249882,2.1071239999999998,0.041197560677657376,-3.380800000000022,0.05431864806019402
adversary both,posterior (floored),seen,0.06304000000000021,0.21873309621932707,-0.016094000000000004,0.47581495774930493,-2.929784000000007,0.23070609645303253,7.91340000000001,0.14170909090089434
adversary both,posterior (floored),adversary bots,0.025960000000000205,0.09858005340794798,0.11668800000000012,0.0577090590713991,-1.297264000000002,0.09561895838671558,-9.072800000000003,0.08427472216492622
adversary both,posterior (floored),adversary humans,0.08592,0.12271138409461167,-0.016776,0.4571660909588967,-5.909628000000026,0.06268042284212931,10.2696,0.06634854934824189
adversary both,posterior (floored),adversary both,0.046740000000000004,0.1438345114586391,0.12470000000000003,0.028496746303316122,-2.6858340000000283,0.14309999264007014,-7.795999999999999,0.04324798392598948
adversary both,posterior (floored),control humans,0.03605999999999998,0.3661176720978136,-0.01659,0.461287280453433,-1.7483300000000042,0.3658833077850827,5.265000000000001,0.22281898262242053
adversary both,posterior+labels (floored),seen,0.0428599999999999,0.08648013474880936,0.00034999999999999875,0.9102350432434383,-2.3893780000000002,0.07196242566480936,4.251000000000019,0.06458655578737933
adversary both,posterior+labels (floored),adversary bots,0.051040000000000085,0.021371731251090556,0.09699399999999991,0.15210374094014703,-2.6410299999999998,0.02292103235721581,-4.5954000000000015,0.3804034225029294
adversary both,posterior+labels (floored),adversary humans,0.08104,0.21866886038985603,0.00032200000000000024,0.9359163288622335,-7.309701999999994,0.09716533202748809,8.071799999999996,0.19825598104281447
adversary both,posterior+labels (floored),adversary both,0.09443999999999997,0.030016618944263503,0.09294199999999997,0.16173081977027406,-6.63951999999999,0.019717226215166722,0.14980000000000615,0.9726687129719641
adversary both,posterior+labels (floored),control humans,0.03191999999999995,0.2817353192208176,0.0010759999999999988,0.7216182444744554,-1.5528639999999985,0.2867273540256774,3.084399999999988,0.27563584562818755
