injection,arm,eval_condition,human_survival,bot_survival,friction_s,DI,human_survival_se,bot_survival_se,friction_s_se,DI_se
adversary both,oracle,adversary both,0.33290000000000003,0.011472,39.57902200000005,32.1428,0.07668251430410977,0.005136796083163123,4.600784471269461,7.351893751952621
adversary both,oracle,adversary bots,0.8570800000000001,0.009216,8.08111599999999,84.7864,0.046312065382576054,0.004126550132980333,2.290399209933929,4.4246391446082916
adversary both,oracle,adversary humans,0.3325,0.010754,39.69544200000006,32.1746,0.07568269947616826,0.005776301238682068,4.570515079998557,7.070192964834835
adversary both,oracle,control humans,0.8339599999999999,0.008136000000000001,9.246197999999993,82.5824,0.05301906826793547,0.005042666556495681,2.6066817941942904,4.9691512011610195
adversary both,oracle,seen,0.85598,0.00729,8.265279999999992,84.869,0.04668130675120392,0.004838266218388567,2.4149360099037747,4.48812535475559
adversary both,posterior,adversary both,0.40304,0.991386,30.478130000000004,-58.8346,0.03889806679000898,0.0014289982505237752,2.262112588460175,3.791010888931869
adversary both,posterior,adversary bots,0.9727,0.990028,1.2586,-1.732800000000001,0.006305870280936622,0.001846031960720074,0.29845862389952815,0.5680284675964754
adversary both,posterior,adversary humans,0.36024,0.037531999999999996,32.74711200000001,32.2708,0.025878265011395188,0.030009090189474254,1.5611923029223542,0.5745296685115571
adversary both,posterior,control humans,1.0,0.038888,0.0,96.1112,0.0,0.029901892314701424,0.0,2.990189231470141
adversary both,posterior,seen,0.97556,0.038882,1.1478519999999999,93.6678,0.006261756941945266,0.030006614504138916,0.2975272684545065,2.7996701127097112
adversary both,posterior (floored),adversary both,0.3603,0.9953620000000001,32.938008,-63.5062,0.01219598294521601,0.0019062696556363873,0.8165411156298306,1.1669677116355863
adversary both,posterior (floored),adversary bots,0.9812,0.99414,0.8486520000000001,-1.2940000000000007,0.003200468715672766,0.0021285675934768805,0.15819548506199538,0.24922680433693342
adversary both,posterior (floored),adversary humans,0.3621,0.006702,32.777158000000014,35.5398,0.00936819086056641,0.002435903117942091,0.5378855064918634,0.8321900263761883
adversary both,posterior (floored),control humans,1.0,0.007268000000000001,0.0,99.2732,0.0,0.003088545612420189,0.0,0.3088545612420208
adversary both,posterior (floored),seen,0.98698,0.00729,0.66754,97.96900000000001,0.002522776248500832,0.002883681674526507,0.15833952980857308,0.0997857705286662
adversary both,posterior+labels,adversary both,0.36517999999999995,0.994016,32.291012000000016,-62.8836,0.008414119086392804,0.0007909715544822137,0.43686499238780363,0.8370583970070445
adversary both,posterior+labels,adversary bots,0.98088,0.993614,0.8650819999999999,-1.2734000000000003,0.003317137320039683,0.0009598364444008395,0.13692672753702978,0.3286524912426499
adversary both,posterior+labels,adversary humans,0.38928,0.021034,31.200612000000014,36.8246,0.014010831524217249,0.006914456305451644,0.6491533069113917,1.8222471456967635
adversary both,posterior+labels,control humans,1.0,0.025212000000000002,0.0,97.4788,0.0,0.007645028711522279,0.0,0.7645028711522293
adversary both,posterior+labels,seen,0.98964,0.024668000000000002,0.5112359999999999,96.49719999999999,0.00304870464295905,0.006969982352918835,0.1556112270885362,0.9570585875483288
adversary both,posterior+labels (floored),adversary both,0.39144,0.994088,30.658407999999998,-60.2648,0.021725758905041727,0.0012801812371691689,1.0588366727942486,2.059125843653077
adversary both,posterior+labels (floored),adversary bots,0.9848800000000001,0.994084,0.72565,-0.9204000000000004,0.005550801743892504,0.001333246413833547,0.2487366305150892,0.4453067032956052
adversary both,posterior+labels (floored),adversary humans,0.41768,0.0074800000000000005,29.396586000000013,41.019999999999996,0.029171791168867246,0.0012430647609839157,1.6305325747393073,2.8068185014353886
adversary both,posterior+labels (floored),control humans,0.9961,0.007882,0.19228,98.8218,0.002394577206940706,0.0007787130408565147,0.11774858661572121,0.23449933901825704
adversary both,posterior+labels (floored),seen,0.98436,0.006881999999999999,0.68974,97.74780000000001,0.007898139021313815,0.0007067842669443061,0.3592870854762248,0.7207399253544929
adversary both,proxy,adversary both,1.0,1.0,0.0,0.0,0.0,0.0,0.0,0.0
adversary both,proxy,adversary bots,1.0,1.0,0.0,0.0,0.0,0.0,0.0,0.0
adversary both,proxy,adversary humans,1.0,1.0,0.0,0.0,0.0,0.0,0.0,0.0
adversary both,proxy,control humans,1.0,1.0,0.0,0.0,0.0,0.0,0.0,0.0
adversary both,proxy,seen,1.0,1.0,0.0,0.0,0.0,0.0,0.0,0.0
adversary both,score-only,adversary both,0.22378,0.304828,37.35070800000002,-8.104800000000001,0.008764154266100067,0.03350796388920103,0.3690924309356611,2.758323882360446
adversary both,score-only,adversary bots,0.9181800000000001,0.300466,3.9206119999999998,61.77139999999999,0.012007472673298067,0.03250072762262409,0.5925156653912209,3.88362245332885
adversary both,score-only,adversary humans,0.21542,0.035892,37.75556600000002,17.952800000000003,0.003817774220668367,0.0055622238358412,0.2575442722445955,0.8731807029475631
adversary both,score-only,control humans,0.89818,0.039616,5.011661999999999,85.85640000000001,0.006989234578979311,0.0031831314770207025,0.5370329269365143,1.0092426170153552
adversary both,score-only,seen,0.91594,0.040222,3.964134,87.5718,0.013074310689286802,0.0028676704831622486,0.5750092601480443,1.3278214262467671
adversary bots,oracle,adversary both,0.16916,0.00037600000000000003,50.74161,16.8784,0.0029309725348423163,0.0001923694362418313,0.5893924207096677,0.2770863764243926
adversary bots,oracle,adversary bots,0.80976,0.000388,11.128851999999998,80.9372,0.012414290152884307,0.00013665284482951683,0.5676583088742717,1.2311527687496806
adversary bots,oracle,adversary humans,0.17002,0.0,50.664531999999994,17.002,0.002502079135439162,0.0,0.5756945543376266,0.2502079135439163
adversary bots,oracle,control humans,0.78716,0.0,12.059469999999997,78.71600000000001,0.02454474689215596,0.0,1.08119485067216,2.454474689215596
adversary bots,oracle,seen,0.8088599999999999,0.0,11.014323999999998,80.886,0.01259184656831554,0.0,0.6215014192067452,1.2591846568315543
adversary bots,posterior,adversary both,0.46124,0.997962,26.898680000000013,-53.6722,0.027794254802026977,0.001072820581458029,1.3093903317613185,2.8454531871039452
adversary bots,posterior,adversary bots,0.9936399999999999,0.99785,0.33403799999999995,-0.4210000000000004,0.000578446194559213,0.0011988577897315321,0.018750203572228206,0.10341469914862211
adversary bots,posterior,adversary humans,0.44628000000000007,0.07215400000000001,27.85960800000001,37.412600000000005,0.020683988976984116,0.02430721818719699,1.3253814293304456,1.5577070199495155
adversary bots,posterior,control humans,1.0,0.072656,0.0,92.7344,0.0,0.022990730001459278,0.0,2.299073000145929
adversary bots,posterior,seen,0.9941599999999999,0.071762,0.278704,92.2398,0.0014034243834279351,0.023321721505926617,0.06078326575629184,2.4109086544288645
adversary bots,posterior (floored),adversary both,0.52834,0.998962,23.879833999999995,-47.062200000000004,0.06564354195196966,0.0006768042553057708,3.3766670719536482,6.55679441800641
adversary bots,posterior (floored),adversary bots,0.9939599999999998,0.99893,0.27395,-0.49700000000000044,0.003577792615566209,0.000726870002132442,0.1526739311408467,0.37857152560645685
adversary bots,posterior (floored),adversary humans,0.53574,0.077408,23.382143999999986,45.8332,0.06661145997499228,0.03648828940906932,3.222942235133294,6.682851804431997
adversary bots,posterior (floored),control humans,1.0,0.075698,0.0,92.4302,0.0,0.03945614912786092,0.0,3.945614912786091
adversary bots,posterior (floored),seen,0.99544,0.07381800000000001,0.233012,92.1622,0.0027058455240460493,0.03912521685562906,0.13445947959887392,3.7365293441909397
adversary bots,posterior+labels,adversary both,0.45648,0.999704,27.236765999999996,-54.322399999999995,0.00961402101100264,0.00029599999999998795,0.5275841979494899,0.9587135964405652
adversary bots,posterior+labels,adversary bots,0.99838,0.9997199999999999,0.08219800000000001,-0.13400000000000012,0.0011850738373620294,0.0002799999999999754,0.057510658351300425,0.13075167302944934
adversary bots,posterior+labels,adversary humans,0.48482000000000003,0.06737,25.63662799999999,41.745,0.02651447529180994,0.021950792013045905,1.2236829811246086,2.5044859153127605
adversary bots,posterior+labels,control humans,1.0,0.06858,0.0,93.14200000000001,0.0,0.020843929811818117,0.0,2.0843929811818107
adversary bots,posterior+labels,seen,0.9986200000000001,0.066702,0.065262,93.1918,0.000869712596206359,0.020575410421179937,0.04264824690418118,2.070801376279242
adversary bots,posterior+labels (floored),adversary both,0.53142,1.0,23.691795999999993,-46.858,0.028922316643035347,0.0,1.5316526448271495,2.892231664303536
adversary bots,posterior+labels (floored),adversary bots,0.9987999999999999,1.0,0.060152000000000004,-0.1200000000000001,0.0011999999999999817,0.0,0.060152000000000004,0.12000000000000009
adversary bots,posterior+labels (floored),adversary humans,0.55946,0.042702000000000004,22.710650000000005,51.6758,0.04341270090653195,0.016952260734191177,2.580410176473887,3.2775835672031324
adversary bots,posterior+labels (floored),control humans,1.0,0.043325999999999996,0.0,95.6674,0.0,0.018657804426030412,0.0,1.8657804426030402
adversary bots,posterior+labels (floored),seen,1.0,0.041386,0.0,95.8614,0.0,0.01790788586070394,0.0,1.790788586070392
adversary bots,proxy,adversary both,1.0,1.0,0.0,0.0,0.0,0.0,0.0,0.0
adversary bots,proxy,adversary bots,1.0,1.0,0.0,0.0,0.0,0.0,0.0,0.0
adversary bots,proxy,adversary humans,1.0,1.0,0.0,0.0,0.0,0.0,0.0,0.0
adversary bots,proxy,control humans,1.0,1.0,0.0,0.0,0.0,0.0,0.0,0.0
adversary bots,proxy,seen,1.0,1.0,0.0,0.0,0.0,0.0,0.0,0.0
adversary bots,score-only,adversary both,0.24900000000000003,0.388326,35.935790000000054,-13.932600000000003,0.019926816102930248,0.05366645065587998,0.9864503110952898,4.128151312633779
adversary bots,score-only,adversary bots,0.93302,0.39329000000000003,3.2273899999999998,53.973,0.007959736176532483,0.05061196370424684,0.3710763798869447,4.947427584108739
adversary bots,score-only,adversary humans,0.23488000000000003,0.08751,36.70803400000006,14.737,0.01477661666282238,0.013189146295344517,0.7792372535152563,1.8767383408456284
adversary bots,score-only,control humans,0.9138,0.096724,4.045745999999999,81.7076,0.008765557597780088,0.015407173199519765,0.41147999181734196,1.0360341982772594
adversary bots,score-only,seen,0.92724,0.09343599999999999,3.382007999999999,83.3804,0.006684803662038261,0.0154476029208418,0.319989492036848,1.6521663233464101
adversary humans,oracle,adversary both,0.40484,0.9886699999999999,35.116783999999996,-58.383,0.019083097232891737,0.002369499947246268,1.1619878070857868,1.9761868079713534
adversary humans,oracle,adversary bots,0.9827,0.98561,0.949734,-0.29099999999999976,0.0028101601377857484,0.002444058100782383,0.14296245086035703,0.27678186356768375
adversary humans,oracle,adversary humans,0.46080000000000004,0.007686000000000001,31.34209599999997,45.3114,0.015881561636060842,0.004989467506658402,1.1272422503375514,1.1381646893134585
adversary humans,oracle,control humans,0.9925200000000001,0.006279999999999999,0.3400039999999998,98.624,0.007480000000000017,0.004741181287400852,0.3400039999999998,1.213908563278142
adversary humans,oracle,seen,0.9917999999999999,0.0056760000000000005,0.38368,98.61240000000001,0.001015874007936021,0.004295769546891453,0.052755060799889154,0.49120907972064115
adversary humans,posterior,adversary both,0.24678,0.771296,39.40464800000001,-52.451600000000006,0.011277650464524957,0.03764545465258722,0.771467382909998,3.7365952363080486
adversary humans,posterior,adversary bots,0.93086,0.75025,3.577482,18.061,0.0018626862323000034,0.03974044199552894,0.14971798413684306,3.84370814448756
adversary humans,posterior,adversary humans,0.26206,0.00386,39.57540200000001,25.82,0.014484460638905412,0.0011378136930095368,1.159974110768858,1.4525030808917412
adversary humans,posterior,control humans,0.99634,0.007713999999999999,0.17330199999999998,98.8626,0.0014375673897247412,0.004184265287956776,0.06884321349268932,0.544879399500477
adversary humans,posterior,seen,0.9338,0.007808,3.4122840000000005,92.5992,0.0029448259710889383,0.0039019794976396277,0.2465733226162149,0.5104943094687705
adversary humans,posterior (floored),adversary both,0.23286,0.554776,40.286124000000015,-32.1916,0.01696807590742097,0.07807152231127555,1.227710723234915,6.158743358835468
adversary humans,posterior (floored),adversary bots,0.89916,0.48547599999999996,4.850736,41.368399999999994,0.018732180866092445,0.09688047985017416,0.9279098340819546,8.365950009413156
adversary humans,posterior (floored),adversary humans,0.2773,0.002928,38.39974800000001,27.4372,0.030138314485053726,0.00040056709799982316,1.8938322527916769,3.004363250341077
adversary humans,posterior (floored),control humans,0.94854,0.002906,2.649998,94.5634,0.02310996754649387,0.0005583780081629291,1.20172737415522,2.286921524670231
adversary humans,posterior (floored),seen,0.92332,0.0025640000000000003,3.7957080000000003,92.0756,0.014100758844828204,0.0005012245005982849,0.6890042609694081,1.410805677618289
adversary humans,posterior+labels,adversary both,0.24745999999999996,0.822874,40.09195800000002,-57.541399999999996,0.009971489357162255,0.06529954077939601,0.6665251853561174,6.066291161822022
adversary humans,posterior+labels,adversary bots,0.93028,0.8151379999999999,3.60354,11.5142,0.0047656479097810235,0.0675515093391702,0.2124676946502692,6.358921083014004
adversary humans,posterior+labels,adversary humans,0.27142,0.002764,39.68170800000001,26.8656,0.009463371492232569,0.0002262874278434398,0.32972461023405536,0.9449891322126419
adversary humans,posterior+labels,control humans,0.99372,0.003984,0.27595200000000003,98.9736,0.0027844927724811953,0.000720906373948795,0.12559995562897305,0.25117217202548714
adversary humans,posterior+labels,seen,0.9320599999999999,0.00344,3.551316,92.862,0.0023269293070482364,0.0007911573800452096,0.18622480545297948,0.20812087833756657
adversary humans,posterior+labels (floored),adversary both,0.21164,0.579136,43.66045200000001,-36.7496,0.007196082267456368,0.0682043459465744,0.8929936528744216,6.26669548167134
adversary humans,posterior+labels (floored),adversary bots,0.89856,0.5162359999999999,5.269838000000001,38.2324,0.017457852101561623,0.07848821418531575,0.8922356728432241,7.281365768865069
adversary humans,posterior+labels (floored),adversary humans,0.24258000000000002,0.001924,41.708224,24.0656,0.012999053811720307,0.0005201115265017687,1.4011989572205676,1.2626621717625028
adversary humans,posterior+labels (floored),control humans,0.9698599999999999,0.0019779999999999997,1.3718599999999994,96.7882,0.015163660507938062,0.0005672248231521607,0.6728811141576198,1.5038343791787692
adversary humans,posterior+labels (floored),seen,0.9145,0.0019360000000000002,4.455966,91.25640000000001,0.013934525467341892,0.0004104460987754665,0.7536271134825232,1.3632478351349069
adversary humans,proxy,adversary both,1.0,1.0,0.0,0.0,0.0,0.0,0.0,0.0
adversary humans,proxy,adversary bots,1.0,1.0,0.0,0.0,0.0,0.0,0.0,0.0
adversary humans,proxy,adversary humans,1.0,1.0,0.0,0.0,0.0,0.0,0.0,0.0
adversary humans,proxy,control humans,1.0,1.0,0.0,0.0,0.0,0.0,0.0,0.0
adversary humans,proxy,seen,1.0,1.0,0.0,0.0,0.0,0.0,0.0,0.0
adversary humans,score-only,adversary both,0.21378,0.63974,39.853218000000034,-42.596000000000004,0.005497945070660492,0.05239931688486028,0.7224930877136418,4.8154279249096845
adversary humans,score-only,adversary bots,0.9305,0.637194,3.2175719999999997,29.330600000000004,0.004176960617482539,0.0509581848774071,0.19792213730151548,4.894465860540862
adversary humans,score-only,adversary humans,0.20744,0.01751,41.01848400000002,18.993000000000002,0.004291223601724804,0.006806781912181409,0.8516038971176606,0.8455192487460002
adversary humans,score-only,control humans,0.88078,0.019912000000000003,7.309912,86.0868,0.011727591398066345,0.006924603526556592,1.114517497419399,1.255160603269558
adversary humans,score-only,seen,0.93064,0.018802,3.2085359999999996,91.18379999999999,0.0038782212417550464,0.006532615402731129,0.16490195828430868,0.6393450085830015
no injection,oracle,adversary both,0.28466,0.962294,44.56893000000001,-67.7634,0.008913562699616804,0.0168629960564545,0.2997262676510089,1.8626104155190357
no injection,oracle,adversary bots,0.96038,0.957568,2.1482619999999977,0.2812000000000003,0.01938108356103959,0.01601820539261501,1.009988181635803,2.3899632298426687
no injection,oracle,adversary humans,0.29514,0.00013,43.71489800000003,29.500999999999998,0.018454636273847275,0.00013,0.8073977270490913,1.8578027344150398
no injection,oracle,control humans,0.94442,0.00011200000000000001,2.5644359999999926,94.4308,0.05188745898577035,0.00011200000000000001,2.3984150548405845,5.199928137964984
no injection,oracle,seen,0.9167,0.000122,4.1957839999999855,91.6578,0.06906527347372196,0.000122,3.473565091830855,6.918724654154118
no injection,posterior,adversary both,0.30674,0.95037,36.40257200000001,-64.363,0.010991387537522277,0.015165851443291942,1.2135826498405486,1.8901517134875712
no injection,posterior,adversary bots,0.9553200000000001,0.9510299999999999,2.320272,0.42900000000000055,0.006277849950420923,0.01691453516949253,0.4017535145260088,1.9623218390467958
no injection,posterior,adversary humans,0.32322,0.0063,36.497096,31.691999999999997,0.021550740126501444,0.003457938692342593,1.6704867410087416,2.1441337178450404
no injection,posterior,control humans,1.0,0.006554,0.0,99.3446,0.0,0.002297880762789923,0.0,0.22978807627899434
no injection,posterior,seen,0.9660399999999999,0.005762000000000001,1.7784280000000003,96.0278,0.010943701384814895,0.0018483841592050066,0.6409197674233492,0.9842873767350683
no injection,posterior (floored),adversary both,0.31356,0.870662,35.623842000000025,-55.7102,0.024852858990466263,0.03723986860879074,1.3896560453450315,2.7291448733989916
no injection,posterior (floored),adversary bots,0.9552400000000001,0.8774519999999999,2.145916000000002,7.778800000000001,0.012118853081046899,0.044260252416812994,0.5983277729689647,3.9716265987627795
no injection,posterior (floored),adversary humans,0.27618,0.023478,38.68678600000005,25.2702,0.04398185307601306,0.020318247808312605,2.327789908549766,4.123241460307654
no injection,posterior (floored),control humans,0.96394,0.023858,1.7483300000000042,94.0082,0.03541209680321118,0.020237917234735395,1.715979867932609,3.647988972022803
no injection,posterior (floored),seen,0.92394,0.023384000000000002,3.5973240000000075,90.0556,0.04323400976083528,0.020351645535435215,2.0725661946041747,4.331146795018611
no injection,posterior+labels,adversary both,0.3303,0.967576,35.32746600000002,-63.727599999999995,0.0233632831596931,0.01065766935122311,1.6370338583474677,2.650889314928104
no injection,posterior+labels,adversary bots,0.9483599999999999,0.965654,2.611631999999998,-1.7293999999999996,0.007054899007073031,0.011191359881622969,0.41101067087607246,1.584197134197635
no injection,posterior+labels,adversary humans,0.3613,0.040388,34.568770000000015,32.0912,0.040905219715825995,0.025755766034035954,2.534724852738458,4.468534529350757
no injection,posterior+labels,control humans,0.99258,0.04217,0.34511600000000003,95.041,0.005893844246330223,0.02704463957977625,0.2580997416813895,2.5459205211475067
no injection,posterior+labels,seen,0.9571999999999999,0.04171999999999999,2.206024,91.548,0.012112142667587757,0.02736377861334213,0.6693173036355774,2.3515422173543867
no injection,posterior+labels (floored),adversary both,0.297,0.901146,37.29792799999999,-60.41460000000001,0.02795567920834691,0.05423162809652684,1.8633903973011052,3.663561772373984
no injection,posterior+labels (floored),adversary bots,0.93384,0.89709,3.36668,3.6750000000000007,0.014591285070205429,0.05491387056108868,0.7644927452108357,4.654421424838967
no injection,posterior+labels (floored),adversary humans,0.33664,0.007158,36.70628800000001,32.9482,0.051672164653708864,0.0035984696747367487,3.3226955795188364,4.872892102232513
no injection,posterior+labels (floored),control humans,0.96418,0.006806000000000001,1.7451439999999985,95.73740000000001,0.025634476784206068,0.0027327616068731652,1.262211734569916,2.440386498077717
no injection,posterior+labels (floored),seen,0.9415000000000001,0.0065320000000000005,3.0791180000000002,93.4968,0.018863456735179786,0.002848965426255644,0.9889412601686719,1.6893256169252848
no injection,proxy,adversary both,1.0,1.0,0.0,0.0,0.0,0.0,0.0,0.0
no injection,proxy,adversary bots,1.0,1.0,0.0,0.0,0.0,0.0,0.0,0.0
no injection,proxy,adversary humans,1.0,1.0,0.0,0.0,0.0,0.0,0.0,0.0
no injection,proxy,control humans,1.0,1.0,0.0,0.0,0.0,0.0,0.0,0.0
no injection,proxy,seen,1.0,1.0,0.0,0.0,0.0,0.0,0.0,0.0
no injection,score-only,adversary both,0.27136,0.710544,35.43625800000001,-43.918400000000005,0.005525993123412305,0.04426063291458903,0.49950098176479407,3.9967872672935685
no injection,score-only,adversary bots,0.9341200000000001,0.7062999999999999,3.123696,22.782,0.009149229475753671,0.04517932989764235,0.4439203952579787,4.688396260983067
no injection,score-only,adversary humans,0.2683,0.049596,35.50164400000001,21.8704,0.005342752099807732,0.003532083804215295,0.432718483804422,0.282039288043351
no injection,score-only,control humans,0.94526,0.052888000000000004,2.9045379999999996,89.2372,0.010888691381428723,0.0032764727986052335,0.6708607642305517,1.1076033315226184
no injection,score-only,seen,0.92956,0.050556000000000004,3.3148940000000002,87.9004,0.011584066643454719,0.003344672779211743,0.5302730646148269,0.9197261331505168
